cell_index,output_index,output_type,content
14,1,stream,"Epoch 1:   0%|          | 0/650 [00:15<?, ?it/s]

Epoch 1:   0%|          | 0/650 [00:05<?, ?it/s, L_rec=9.76, W_rec=1.00, W_cl=1.00][A
Epoch 1:   0%|          | 1/650 [00:05<1:04:26,  5.96s/it, L_rec=9.76, W_rec=1.00, W_cl=1.00][A
Epoch 1:   0%|          | 1/650 [00:05<1:04:26,  5.96s/it, L_rec=9.76, W_rec=1.00, W_cl=1.00][A
Epoch 1:   0%|          | 2/650 [00:05<1:04:20,  5.96s/it, L_rec=9.76, W_rec=1.00, W_cl=1.00][A
Epoch 1:   0%|          | 3/650 [00:06<1:04:14,  5.96s/it, L_rec=9.76, W_rec=1.00, W_cl=1.00][A
Epoch 1:   1%|          | 4/650 [00:06<1:04:08,  5.96s/it, L_rec=9.76, W_rec=1.00, W_cl=1.00][A
Epoch 1:   1%|          | 5/650 [00:06<1:04:02,  5.96s/it, L_rec=9.76, W_rec=1.00, W_cl=1.00][A
Epoch 1:   1%|          | 6/650 [00:06<08:02,  1.33it/s, L_rec=9.76, W_rec=1.00, W_cl=1.00]  [A
Epoch 1:   1%|          | 6/650 [00:06<08:02,  1.33it/s, L_rec=9.76, W_rec=0.99, W_cl=1.00][A
Epoch 1:   1%|          | 7/650 [00:06<08:01,  1.33it/s, L_rec=9.76, W_rec=0.99, W_cl=1.00][A
Epoch 1:   1%|          | 8/650 [00:06<08:01,  1.33it/s, L_rec=9.76, W_rec=0.99, W_cl=1.00][A
Epoch 1:   1%|▏         | 9/650 [00:06<08:00,  1.33it/s, L_rec=9.76, W_rec=0.99, W_cl=1.00][A
Epoch 1:   2%|▏         | 10/650 [00:06<07:59,  1.33it/s, L_rec=9.75, W_rec=0.99, W_cl=1.00][A
Epoch 1:   2%|▏         | 11/650 [00:06<03:39,  2.91it/s, L_rec=9.75, W_rec=0.99, W_cl=1.00][A
Epoch 1:   2%|▏         | 11/650 [00:06<03:39,  2.91it/s, L_rec=9.75, W_rec=0.99, W_cl=1.00][A
Epoch 1:   2%|▏         | 12/650 [00:06<03:39,  2.91it/s, L_rec=9.75, W_rec=0.99, W_cl=1.00][A
Epoch 1:   2%|▏         | 13/650 [00:06<03:39,  2.91it/s, L_rec=9.75, W_rec=0.99, W_cl=1.00][A
Epoch 1:   2%|▏         | 14/650 [00:06<03:38,  2.91it/s, L_rec=9.75, W_rec=0.99, W_cl=1.00][A
Epoch 1:   2%|▏         | 15/650 [00:06<03:38,  2.91it/s, L_rec=9.75, W_rec=0.99, W_cl=1.00][A
Epoch 1:   2%|▏         | 16/650 [00:06<03:38,  2.91it/s, L_rec=9.75, W_rec=0.98, W_cl=1.00][A
Epoch 1:   3%|▎         | 17/650 [00:06<01:56,  5.42it/s, L_rec=9.75, W_rec=0.98, W_cl=1.00][A
Epoch 1:   3%|▎         | 17/650 [00:06<01:56,  5.42it/s, L_rec=9.75, W_rec=0.98, W_cl=1.00][A
Epoch 1:   3%|▎         | 18/650 [00:06<01:56,  5.42it/s, L_rec=9.75, W_rec=0.98, W_cl=1.00][A
Epoch 1:   3%|▎         | 19/650 [00:06<01:56,  5.42it/s, L_rec=9.75, W_rec=0.98, W_cl=1.00][A
Epoch 1:   3%|▎         | 20/650 [00:06<01:56,  5.42it/s, L_rec=9.75, W_rec=0.98, W_cl=1.00][A
Epoch 1:   3%|▎         | 21/650 [00:06<01:56,  5.42it/s, L_rec=9.75, W_rec=0.98, W_cl=1.00][A
Epoch 1:   3%|▎         | 22/650 [00:06<01:55,  5.42it/s, L_rec=9.74, W_rec=0.98, W_cl=1.00][A
Epoch 1:   4%|▎         | 23/650 [00:06<01:12,  8.65it/s, L_rec=9.74, W_rec=0.98, W_cl=1.00][A
Epoch 1:   4%|▎         | 23/650 [00:06<01:12,  8.65it/s, L_rec=9.74, W_rec=0.98, W_cl=1.01][A
Epoch 1:   4%|▎         | 24/650 [00:06<01:12,  8.65it/s, L_rec=9.74, W_rec=0.98, W_cl=1.01][A
Epoch 1:   4%|▍         | 25/650 [00:06<01:12,  8.65it/s, L_rec=9.74, W_rec=0.98, W_cl=1.01][A
Epoch 1:   4%|▍         | 26/650 [00:06<01:12,  8.65it/s, L_rec=9.74, W_rec=0.97, W_cl=1.01][A
Epoch 1:   4%|▍         | 27/650 [00:06<01:12,  8.65it/s, L_rec=9.74, W_rec=0.97, W_cl=1.01][A
Epoch 1:   4%|▍         | 28/650 [00:06<01:11,  8.65it/s, L_rec=9.74, W_rec=0.97, W_cl=1.01][A
Epoch 1:   4%|▍         | 29/650 [00:06<01:11,  8.65it/s, L_rec=9.74, W_rec=0.97, W_cl=1.01][A
Epoch 1:   5%|▍         | 30/650 [00:06<00:46, 13.33it/s, L_rec=9.74, W_rec=0.97, W_cl=1.01][A
Epoch 1:   5%|▍         | 30/650 [00:06<00:46, 13.33it/s, L_rec=9.74, W_rec=0.97, W_cl=1.01][A
Epoch 1:   5%|▍         | 31/650 [00:06<00:46, 13.33it/s, L_rec=9.74, W_rec=0.97, W_cl=1.01][A
Epoch 1:   5%|▍         | 32/650 [00:06<00:46, 13.33it/s, L_rec=9.73, W_rec=0.97, W_cl=1.01][A
Epoch 1:   5%|▌         | 33/650 [00:06<00:46, 13.33it/s, L_rec=9.73, W_rec=0.97, W_cl=1.01][A
Epoch 1:   5%|▌         | 34/650 [00:06<00:46, 13.33it/s, L_rec=9.74, W_rec=0.97, W_cl=1.02][A
Epoch 1:   5%|▌         | 35/650 [00:06<00:46, 13.33it/s, L_rec=9.73, W_rec=0.97, W_cl=1.02][A
Epoch 1:   6%|▌         | 36/650 [00:06<00:46, 13.33it/s, L_rec=9.73, W_rec=0.96, W_cl=1.02][A
Epoch 1:   6%|▌         | 37/650 [00:06<00:32, 18.76it/s, L_rec=9.73, W_rec=0.96, W_cl=1.02][A
Epoch 1:   6%|▌         | 37/650 [00:06<00:32, 18.76it/s, L_rec=9.73, W_rec=0.96, W_cl=1.02][A
Epoch 1:   6%|▌         | 38/650 [00:06<00:32, 18.76it/s, L_rec=9.73, W_rec=0.96, W_cl=1.02][A
Epoch 1:   6%|▌         | 39/650 [00:06<00:32, 18.76it/s, L_rec=9.73, W_rec=0.96, W_cl=1.02][A
Epoch 1:   6%|▌         | 40/650 [00:06<00:32, 18.76it/s, L_rec=9.73, W_rec=0.96, W_cl=1.02][A
Epoch 1:   6%|▋         | 41/650 [00:06<00:32, 18.76it/s, L_rec=9.72, W_rec=0.96, W_cl=1.02][A
Epoch 1:   6%|▋         | 42/650 [00:06<00:32, 18.76it/s, L_rec=9.73, W_rec=0.96, W_cl=1.02][A
Epoch 1:   7%|▋         | 43/650 [00:06<00:32, 18.76it/s, L_rec=9.72, W_rec=0.96, W_cl=1.02][A
Epoch 1:   7%|▋         | 44/650 [00:06<00:24, 24.79it/s, L_rec=9.72, W_rec=0.96, W_cl=1.02][A
Epoch 1:   7%|▋         | 44/650 [00:06<00:24, 24.79it/s, L_rec=9.72, W_rec=0.96, W_cl=1.03][A
Epoch 1:   7%|▋         | 45/650 [00:06<00:24, 24.79it/s, L_rec=9.72, W_rec=0.96, W_cl=1.03][A
Epoch 1:   7%|▋         | 46/650 [00:06<00:24, 24.79it/s, L_rec=9.72, W_rec=0.96, W_cl=1.03][A
Epoch 1:   7%|▋         | 47/650 [00:06<00:24, 24.79it/s, L_rec=9.72, W_rec=0.95, W_cl=1.03][A
Epoch 1:   7%|▋         | 48/650 [00:06<00:24, 24.79it/s, L_rec=9.72, W_rec=0.95, W_cl=1.03][A
Epoch 1:   8%|▊         | 49/650 [00:06<00:24, 24.79it/s, L_rec=9.72, W_rec=0.95, W_cl=1.03][A
Epoch 1:   8%|▊         | 50/650 [00:06<00:24, 24.79it/s, L_rec=9.72, W_rec=0.95, W_cl=1.03][A
Epoch 1:   8%|▊         | 51/650 [00:06<00:19, 30.92it/s, L_rec=9.72, W_rec=0.95, W_cl=1.03][A
Epoch 1:   8%|▊         | 51/650 [00:06<00:19, 30.92it/s, L_rec=9.72, W_rec=0.95, W_cl=1.03][A
Epoch 1:   8%|▊         | 52/650 [00:06<00:19, 30.92it/s, L_rec=9.72, W_rec=0.95, W_cl=1.03][A
Epoch 1:   8%|▊         | 53/650 [00:06<00:19, 30.92it/s, L_rec=9.72, W_rec=0.95, W_cl=1.04][A
Epoch 1:   8%|▊         | 54/650 [00:06<00:19, 30.92it/s, L_rec=9.71, W_rec=0.95, W_cl=1.04][A
Epoch 1:   8%|▊         | 55/650 [00:06<00:19, 30.92it/s, L_rec=9.71, W_rec=0.95, W_cl=1.04][A
Epoch 1:   9%|▊         | 56/650 [00:06<00:19, 30.92it/s, L_rec=9.71, W_rec=0.95, W_cl=1.04][A
Epoch 1:   9%|▉         | 57/650 [00:06<00:19, 30.92it/s, L_rec=9.71, W_rec=0.95, W_cl=1.04][A
Epoch 1:   9%|▉         | 58/650 [00:06<00:15, 37.15it/s, L_rec=9.71, W_rec=0.95, W_cl=1.04][A
Epoch 1:   9%|▉         | 58/650 [00:06<00:15, 37.15it/s, L_rec=9.71, W_rec=0.94, W_cl=1.04][A
Epoch 1:   9%|▉         | 59/650 [00:06<00:15, 37.15it/s, L_rec=9.71, W_rec=0.94, W_cl=1.04][A
Epoch 1:   9%|▉         | 60/650 [00:06<00:15, 37.15it/s, L_rec=9.71, W_rec=0.94, W_cl=1.04][A
Epoch 1:   9%|▉         | 61/650 [00:06<00:15, 37.15it/s, L_rec=9.71, W_rec=0.94, W_cl=1.04][A
Epoch 1:  10%|▉         | 62/650 [00:06<00:15, 37.15it/s, L_rec=9.71, W_rec=0.94, W_cl=1.04][A
Epoch 1:  10%|▉         | 63/650 [00:07<00:15, 37.15it/s, L_rec=9.71, W_rec=0.94, W_cl=1.05][A
Epoch 1:  10%|▉         | 64/650 [00:07<00:15, 37.15it/s, L_rec=9.71, W_rec=0.94, W_cl=1.05][A
Epoch 1:  10%|█         | 65/650 [00:07<00:13, 42.59it/s, L_rec=9.71, W_rec=0.94, W_cl=1.05][A
Epoch 1:  10%|█         | 65/650 [00:07<00:13, 42.59it/s, L_rec=9.71, W_rec=0.94, W_cl=1.05][A
Epoch 1:  10%|█         | 66/650 [00:07<00:13, 42.59it/s, L_rec=9.71, W_rec=0.94, W_cl=1.05][A
Epoch 1:  10%|█         | 67/650 [00:07<00:13, 42.59it/s, L_rec=9.70, W_rec=0.94, W_cl=1.05][A
Epoch 1:  10%|█         | 68/650 [00:07<00:13, 42.59it/s, L_rec=9.70, W_rec=0.94, W_cl=1.05][A
Epoch 1:  11%|█         | 69/650 [00:07<00:13, 42.59it/s, L_rec=9.71, W_rec=0.93, W_cl=1.05][A
Epoch 1:  11%|█         | 70/650 [00:07<00:13, 42.59it/s, L_rec=9.70, W_rec=0.93, W_cl=1.05][A
Epoch 1:  11%|█         | 71/650 [00:07<00:13, 42.59it/s, L_rec=9.70, W_rec=0.93, W_cl=1.05][A
Epoch 1:  11%|█         | 72/650 [00:07<00:12, 47.51it/s, L_rec=9.70, W_rec=0.93, W_cl=1.05][A
Epoch 1:  11%|█         | 72/650 [00:07<00:12, 47.51it/s, L_rec=9.70, W_rec=0.93, W_cl=1.06][A
Epoch 1:  11%|█         | 73/650 [00:07<00:12, 47.51it/s, L_rec=9.70, W_rec=0.93, W_cl=1.06][A
Epoch 1:  11%|█▏        | 74/650 [00:07<00:12, 47.51it/s, L_rec=9.70, W_rec=0.93, W_cl=1.06][A
Epoch 1:  12%|█▏        | 75/650 [00:07<00:12, 47.51it/s, L_rec=9.69, W_rec=0.93, W_cl=1.06][A
Epoch 1:  12%|█▏        | 76/650 [00:07<00:12, 47.51it/s, L_rec=9.70, W_rec=0.93, W_cl=1.06][A
Epoch 1:  12%|█▏        | 77/650 [00:07<00:12, 47.51it/s, L_rec=9.69, W_rec=0.93, W_cl=1.06][A
Epoch 1:  12%|█▏        | 78/650 [00:07<00:12, 47.51it/s, L_rec=9.69, W_rec=0.93, W_cl=1.06][A
Epoch 1:  12%|█▏        | 79/650 [00:07<00:11, 50.88it/s, L_rec=9.69, W_rec=0.93, W_cl=1.06][A
Epoch 1:  12%|█▏        | 79/650 [00:07<00:11, 50.88it/s, L_rec=9.70, W_rec=0.93, W_cl=1.06][A
Epoch 1:  12%|█▏        | 80/650 [00:07<00:11, 50.88it/s, L_rec=9.70, W_rec=0.92, W_cl=1.06][A
Epoch 1:  12%|█▏        | 81/650 [00:07<00:11, 50.88it/s, L_rec=9.69, W_rec=0.92, W_cl=1.06][A
Epoch 1:  13%|█▎        | 82/650 [00:07<00:11, 50.88it/s, L_rec=9.69, W_rec=0.92, W_cl=1.07][A
Epoch 1:  13%|█▎        | 83/650 [00:07<00:11, 50.88it/s, L_rec=9.69, W_rec=0.92, W_cl=1.07][A
Epoch 1:  13%|█▎        | 84/650 [00:07<00:11, 50.88it/s, L_rec=9.69, W_rec=0.92, W_cl=1.07][A
Epoch 1:  13%|█▎        | 85/650 [00:07<00:11, 50.88it/s, L_rec=9.69, W_rec=0.92, W_cl=1.07][A
Epoch 1:  13%|█▎        | 86/650 [00:07<00:10, 54.49it/s, L_rec=9.69, W_rec=0.92, W_cl=1.07][A
Epoch 1:  13%|█▎        | 86/650 [00:07<00:10, 54.49it/s, L_rec=9.69, W_rec=0.92, W_cl=1.07][A
Epoch 1:  13%|█▎        | 87/650 [00:07<00:10, 54.49it/s, L_rec=9.69, W_rec=0.92, W_cl=1.07][A
Epoch 1:  14%|█▎        | 88/650 [00:07<00:10, 54.49it/s, L_rec=9.69, W_rec=0.92, W_cl=1.07][A
Epoch 1:  14%|█▎        | 89/650 [00:07<00:10, 54.49it/s, L_rec=9.69, W_rec=0.92, W_cl=1.07][A
Epoch 1:  14%|█▍        | 90/650 [00:07<00:10, 54.49it/s, L_rec=9.68, W_rec=0.92, W_cl=1.07][A
Epoch 1:  14%|█▍        | 91/650 [00:07<00:10, 54.49it/s, L_rec=9.69, W_rec=0.91, W_cl=1.08][A
Epoch 1:  14%|█▍        | 92/650 [00:07<00:10, 54.49it/s, L_rec=9.68, W_rec=0.91, W_cl=1.08][A
Epoch 1:  14%|█▍        | 93/650 [00:07<00:09, 57.07it/s, L_rec=9.68, W_rec=0.91, W_cl=1.08][A
Epoch 1:  14%|█▍        | 93/650 [00:07<00:09, 57.07it/s, L_rec=9.68, W_rec=0.91, W_cl=1.08][A
Epoch 1:  14%|█▍        | 94/650 [00:07<00:09, 57.07it/s, L_rec=9.68, W_rec=0.91, W_cl=1.08][A
Epoch 1:  15%|█▍        | 95/650 [00:07<00:09, 57.07it/s, L_rec=9.68, W_rec=0.91, W_cl=1.08][A
Epoch 1:  15%|█▍        | 96/650 [00:07<00:09, 57.07it/s, L_rec=9.68, W_rec=0.91, W_cl=1.08][A
Epoch 1:  15%|█▍        | 97/650 [00:07<00:09, 57.07it/s, L_rec=9.68, W_rec=0.91, W_cl=1.08][A
Epoch 1:  15%|█▌        | 98/650 [00:07<00:09, 57.07it/s, L_rec=9.68, W_rec=0.91, W_cl=1.08][A
Epoch 1:  15%|█▌        | 99/650 [00:07<00:09, 57.07it/s, L_rec=9.67, W_rec=0.91, W_cl=1.08][A
Epoch 1:  15%|█▌        | 100/650 [00:07<00:09, 58.16it/s, L_rec=9.67, W_rec=0.91, W_cl=1.08][A
Epoch 1:  15%|█▌        | 100/650 [00:07<00:09, 58.16it/s, L_rec=9.69, W_rec=0.91, W_cl=1.09][A
Epoch 1:  16%|█▌        | 101/650 [00:07<00:09, 58.16it/s, L_rec=9.68, W_rec=0.91, W_cl=1.09][A
Epoch 1:  16%|█▌        | 102/650 [00:07<00:09, 58.16it/s, L_rec=9.68, W_rec=0.90, W_cl=1.09][A
Epoch 1:  16%|█▌        | 103/650 [00:07<00:09, 58.16it/s, L_rec=9.67, W_rec=0.90, W_cl=1.09][A
Epoch 1:  16%|█▌        | 104/650 [00:07<00:09, 58.16it/s, L_rec=9.67, W_rec=0.90, W_cl=1.09][A
Epoch 1:  16%|█▌        | 105/650 [00:07<00:09, 58.16it/s, L_rec=9.67, W_rec=0.90, W_cl=1.09][A
Epoch 1:  16%|█▋        | 106/650 [00:07<00:09, 58.16it/s, L_rec=9.67, W_rec=0.90, W_cl=1.09][A
Epoch 1:  16%|█▋        | 107/650 [00:07<00:09, 58.97it/s, L_rec=9.67, W_rec=0.90, W_cl=1.09][A
Epoch 1:  16%|█▋        | 107/650 [00:07<00:09, 58.97it/s, L_rec=9.67, W_rec=0.90, W_cl=1.09][A
Epoch 1:  17%|█▋        | 108/650 [00:07<00:09, 58.97it/s, L_rec=9.67, W_rec=0.90, W_cl=1.09][A
Epoch 1:  17%|█▋        | 109/650 [00:07<00:09, 58.97it/s, L_rec=9.67, W_rec=0.90, W_cl=1.10][A
Epoch 1:  17%|█▋        | 110/650 [00:07<00:09, 58.97it/s, L_rec=9.66, W_rec=0.90, W_cl=1.10][A
Epoch 1:  17%|█▋        | 111/650 [00:07<00:09, 58.97it/s, L_rec=9.66, W_rec=0.90, W_cl=1.10][A
Epoch 1:  17%|█▋        | 112/650 [00:07<00:09, 58.97it/s, L_rec=9.67, W_rec=0.90, W_cl=1.10][A
Epoch 1:  17%|█▋        | 113/650 [00:07<00:09, 58.97it/s, L_rec=9.67, W_rec=0.90, W_cl=1.10][A
Epoch 1:  18%|█▊        | 114/650 [00:07<00:09, 59.22it/s, L_rec=9.67, W_rec=0.90, W_cl=1.10][A
Epoch 1:  18%|█▊        | 114/650 [00:07<00:09, 59.22it/s, L_rec=9.66, W_rec=0.89, W_cl=1.10][A
Epoch 1:  18%|█▊        | 115/650 [00:07<00:09, 59.22it/s, L_rec=9.67, W_rec=0.89, W_cl=1.10][A
Epoch 1:  18%|█▊        | 116/650 [00:07<00:09, 59.22it/s, L_rec=9.66, W_rec=0.89, W_cl=1.10][A
Epoch 1:  18%|█▊        | 117/650 [00:07<00:09, 59.22it/s, L_rec=9.66, W_rec=0.89, W_cl=1.10][A
Epoch 1:  18%|█▊        | 118/650 [00:07<00:08, 59.22it/s, L_rec=9.66, W_rec=0.89, W_cl=1.11][A
Epoch 1:  18%|█▊        | 119/650 [00:07<00:08, 59.22it/s, L_rec=9.66, W_rec=0.89, W_cl=1.11][A
Epoch 1:  18%|█▊        | 120/650 [00:07<00:08, 59.22it/s, L_rec=9.66, W_rec=0.89, W_cl=1.11][A
Epoch 1:  19%|█▊        | 121/650 [00:07<00:08, 59.84it/s, L_rec=9.66, W_rec=0.89, W_cl=1.11][A
Epoch 1:  19%|█▊        | 121/650 [00:07<00:08, 59.84it/s, L_rec=9.65, W_rec=0.89, W_cl=1.11][A
Epoch 1:  19%|█▉        | 122/650 [00:07<00:08, 59.84it/s, L_rec=9.66, W_rec=0.89, W_cl=1.11][A
Epoch 1:  19%|█▉        | 123/650 [00:07<00:08, 59.84it/s, L_rec=9.66, W_rec=0.89, W_cl=1.11][A
Epoch 1:  19%|█▉        | 124/650 [00:07<00:08, 59.84it/s, L_rec=9.66, W_rec=0.89, W_cl=1.11][A
Epoch 1:  19%|█▉        | 125/650 [00:08<00:08, 59.84it/s, L_rec=9.66, W_rec=0.89, W_cl=1.11][A
Epoch 1:  19%|█▉        | 126/650 [00:08<00:08, 59.84it/s, L_rec=9.66, W_rec=0.88, W_cl=1.11][A
Epoch 1:  20%|█▉        | 127/650 [00:08<00:08, 59.84it/s, L_rec=9.65, W_rec=0.88, W_cl=1.12][A
Epoch 1:  20%|█▉        | 128/650 [00:08<00:08, 59.94it/s, L_rec=9.65, W_rec=0.88, W_cl=1.12][A
Epoch 1:  20%|█▉        | 128/650 [00:08<00:08, 59.94it/s, L_rec=9.66, W_rec=0.88, W_cl=1.12][A
Epoch 1:  20%|█▉        | 129/650 [00:08<00:08, 59.94it/s, L_rec=9.65, W_rec=0.88, W_cl=1.12][A
Epoch 1:  20%|██        | 130/650 [00:08<00:08, 59.94it/s, L_rec=9.66, W_rec=0.88, W_cl=1.12][A
Epoch 1:  20%|██        | 131/650 [00:08<00:08, 59.94it/s, L_rec=9.65, W_rec=0.88, W_cl=1.12][A
Epoch 1:  20%|██        | 132/650 [00:08<00:08, 59.94it/s, L_rec=9.65, W_rec=0.88, W_cl=1.12][A
Epoch 1:  20%|██        | 133/650 [00:08<00:08, 59.94it/s, L_rec=9.65, W_rec=0.88, W_cl=1.12][A
Epoch 1:  21%|██        | 134/650 [00:08<00:08, 59.94it/s, L_rec=9.64, W_rec=0.88, W_cl=1.12][A
Epoch 1:  21%|██        | 135/650 [00:08<00:08, 60.96it/s, L_rec=9.64, W_rec=0.88, W_cl=1.12][A
Epoch 1:  21%|██        | 135/650 [00:08<00:08, 60.96it/s, L_rec=9.65, W_rec=0.88, W_cl=1.12][A
Epoch 1:  21%|██        | 136/650 [00:08<00:08, 60.96it/s, L_rec=9.64, W_rec=0.88, W_cl=1.13][A
Epoch 1:  21%|██        | 137/650 [00:08<00:08, 60.96it/s, L_rec=9.63, W_rec=0.88, W_cl=1.13][A
Epoch 1:  21%|██        | 138/650 [00:08<00:08, 60.96it/s, L_rec=9.65, W_rec=0.87, W_cl=1.13][A
Epoch 1:  21%|██▏       | 139/650 [00:08<00:08, 60.96it/s, L_rec=9.65, W_rec=0.87, W_cl=1.13][A
Epoch 1:  22%|██▏       | 140/650 [00:08<00:08, 60.96it/s, L_rec=9.65, W_rec=0.87, W_cl=1.13][A
Epoch 1:  22%|██▏       | 141/650 [00:08<00:08, 60.96it/s, L_rec=9.65, W_rec=0.87, W_cl=1.13][A
Epoch 1:  22%|██▏       | 142/650 [00:08<00:08, 61.49it/s, L_rec=9.65, W_rec=0.87, W_cl=1.13][A
Epoch 1:  22%|██▏       | 142/650 [00:08<00:08, 61.49it/s, L_rec=9.65, W_rec=0.87, W_cl=1.13][A
Epoch 1:  22%|██▏       | 143/650 [00:08<00:08, 61.49it/s, L_rec=9.64, W_rec=0.87, W_cl=1.13][A
Epoch 1:  22%|██▏       | 144/650 [00:08<00:08, 61.49it/s, L_rec=9.64, W_rec=0.87, W_cl=1.13][A
Epoch 1:  22%|██▏       | 145/650 [00:08<00:08, 61.49it/s, L_rec=9.64, W_rec=0.87, W_cl=1.14][A
Epoch 1:  22%|██▏       | 146/650 [00:08<00:08, 61.49it/s, L_rec=9.65, W_rec=0.87, W_cl=1.14][A
Epoch 1:  23%|██▎       | 147/650 [00:08<00:08, 61.49it/s, L_rec=9.64, W_rec=0.87, W_cl=1.14][A
Epoch 1:  23%|██▎       | 148/650 [00:08<00:08, 61.49it/s, L_rec=9.64, W_rec=0.87, W_cl=1.14][A
Epoch 1:  23%|██▎       | 149/650 [00:08<00:08, 61.43it/s, L_rec=9.64, W_rec=0.87, W_cl=1.14][A
Epoch 1:  23%|██▎       | 149/650 [00:08<00:08, 61.43it/s, L_rec=9.63, W_rec=0.87, W_cl=1.14][A
Epoch 1:  23%|██▎       | 150/650 [00:08<00:08, 61.43it/s, L_rec=9.63, W_rec=0.87, W_cl=1.14][A
Epoch 1:  23%|██▎       | 151/650 [00:08<00:08, 61.43it/s, L_rec=9.63, W_rec=0.86, W_cl=1.14][A
Epoch 1:  23%|██▎       | 152/650 [00:08<00:08, 61.43it/s, L_rec=9.63, W_rec=0.86, W_cl=1.14][A
Epoch 1:  24%|██▎       | 153/650 [00:08<00:08, 61.43it/s, L_rec=9.63, W_rec=0.86, W_cl=1.15][A
Epoch 1:  24%|██▎       | 154/650 [00:08<00:08, 61.43it/s, L_rec=9.63, W_rec=0.86, W_cl=1.15][A
Epoch 1:  24%|██▍       | 155/650 [00:08<00:08, 61.43it/s, L_rec=9.63, W_rec=0.86, W_cl=1.15][A
Epoch 1:  24%|██▍       | 156/650 [00:08<00:08, 60.65it/s, L_rec=9.63, W_rec=0.86, W_cl=1.15][A
Epoch 1:  24%|██▍       | 156/650 [00:08<00:08, 60.65it/s, L_rec=9.63, W_rec=0.86, W_cl=1.15][A
Epoch 1:  24%|██▍       | 157/650 [00:08<00:08, 60.65it/s, L_rec=9.62, W_rec=0.86, W_cl=1.15][A
Epoch 1:  24%|██▍       | 158/650 [00:08<00:08, 60.65it/s, L_rec=9.62, W_rec=0.86, W_cl=1.15][A
Epoch 1:  24%|██▍       | 159/650 [00:08<00:08, 60.65it/s, L_rec=9.64, W_rec=0.86, W_cl=1.15][A
Epoch 1:  25%|██▍       | 160/650 [00:08<00:08, 60.65it/s, L_rec=9.62, W_rec=0.86, W_cl=1.15][A
Epoch 1:  25%|██▍       | 161/650 [00:08<00:08, 60.65it/s, L_rec=9.62, W_rec=0.86, W_cl=1.15][A
Epoch 1:  25%|██▍       | 162/650 [00:08<00:08, 60.65it/s, L_rec=9.63, W_rec=0.86, W_cl=1.16][A
Epoch 1:  25%|██▌       | 163/650 [00:08<00:07, 61.52it/s, L_rec=9.63, W_rec=0.86, W_cl=1.16][A
Epoch 1:  25%|██▌       | 163/650 [00:08<00:07, 61.52it/s, L_rec=9.63, W_rec=0.85, W_cl=1.16][A
Epoch 1:  25%|██▌       | 164/650 [00:08<00:07, 61.52it/s, L_rec=9.62, W_rec=0.85, W_cl=1.16][A
Epoch 1:  25%|██▌       | 165/650 [00:08<00:07, 61.52it/s, L_rec=9.62, W_rec=0.85, W_cl=1.16][A
Epoch 1:  26%|██▌       | 166/650 [00:08<00:07, 61.52it/s, L_rec=9.62, W_rec=0.85, W_cl=1.16][A
Epoch 1:  26%|██▌       | 167/650 [00:08<00:07, 61.52it/s, L_rec=9.62, W_rec=0.85, W_cl=1.16][A
Epoch 1:  26%|██▌       | 168/650 [00:08<00:07, 61.52it/s, L_rec=9.62, W_rec=0.85, W_cl=1.16][A
Epoch 1:  26%|██▌       | 169/650 [00:08<00:07, 61.52it/s, L_rec=9.62, W_rec=0.85, W_cl=1.16][A
Epoch 1:  26%|██▌       | 170/650 [00:08<00:07, 60.15it/s, L_rec=9.62, W_rec=0.85, W_cl=1.16][A
Epoch 1:  26%|██▌       | 170/650 [00:08<00:07, 60.15it/s, L_rec=9.61, W_rec=0.85, W_cl=1.16][A
Epoch 1:  26%|██▋       | 171/650 [00:08<00:07, 60.15it/s, L_rec=9.61, W_rec=0.85, W_cl=1.17][A
Epoch 1:  26%|██▋       | 172/650 [00:08<00:07, 60.15it/s, L_rec=9.62, W_rec=0.85, W_cl=1.17][A
Epoch 1:  27%|██▋       | 173/650 [00:08<00:07, 60.15it/s, L_rec=9.62, W_rec=0.85, W_cl=1.17][A
Epoch 1:  27%|██▋       | 174/650 [00:08<00:07, 60.15it/s, L_rec=9.61, W_rec=0.85, W_cl=1.17][A
Epoch 1:  27%|██▋       | 175/650 [00:08<00:07, 60.15it/s, L_rec=9.62, W_rec=0.85, W_cl=1.17][A
Epoch 1:  27%|██▋       | 176/650 [00:08<00:07, 60.15it/s, L_rec=9.63, W_rec=0.84, W_cl=1.17][A
Epoch 1:  27%|██▋       | 177/650 [00:08<00:07, 61.44it/s, L_rec=9.63, W_rec=0.84, W_cl=1.17][A
Epoch 1:  27%|██▋       | 177/650 [00:08<00:07, 61.44it/s, L_rec=9.62, W_rec=0.84, W_cl=1.17][A
Epoch 1:  27%|██▋       | 178/650 [00:08<00:07, 61.44it/s, L_rec=9.62, W_rec=0.84, W_cl=1.17][A
Epoch 1:  28%|██▊       | 179/650 [00:08<00:07, 61.44it/s, L_rec=9.61, W_rec=0.84, W_cl=1.18][A
Epoch 1:  28%|██▊       | 180/650 [00:08<00:07, 61.44it/s, L_rec=9.62, W_rec=0.84, W_cl=1.18][A
Epoch 1:  28%|██▊       | 181/650 [00:08<00:07, 61.44it/s, L_rec=9.61, W_rec=0.84, W_cl=1.18][A
Epoch 1:  28%|██▊       | 182/650 [00:08<00:07, 61.44it/s, L_rec=9.60, W_rec=0.84, W_cl=1.18][A
Epoch 1:  28%|██▊       | 183/650 [00:08<00:07, 61.44it/s, L_rec=9.61, W_rec=0.84, W_cl=1.18][A
Epoch 1:  28%|██▊       | 184/650 [00:08<00:07, 61.21it/s, L_rec=9.61, W_rec=0.84, W_cl=1.18][A
Epoch 1:  28%|██▊       | 184/650 [00:08<00:07, 61.21it/s, L_rec=9.61, W_rec=0.84, W_cl=1.18][A
Epoch 1:  28%|██▊       | 185/650 [00:08<00:07, 61.21it/s, L_rec=9.61, W_rec=0.84, W_cl=1.18][A
Epoch 1:  29%|██▊       | 186/650 [00:09<00:07, 61.21it/s, L_rec=9.62, W_rec=0.84, W_cl=1.18][A
Epoch 1:  29%|██▉       | 187/650 [00:09<00:07, 61.21it/s, L_rec=9.61, W_rec=0.84, W_cl=1.18][A
Epoch 1:  29%|██▉       | 188/650 [00:09<00:07, 61.21it/s, L_rec=9.60, W_rec=0.84, W_cl=1.19][A
Epoch 1:  29%|██▉       | 189/650 [00:09<00:07, 61.21it/s, L_rec=9.60, W_rec=0.83, W_cl=1.19][A
Epoch 1:  29%|██▉       | 190/650 [00:09<00:07, 61.21it/s, L_rec=9.61, W_rec=0.83, W_cl=1.19][A
Epoch 1:  29%|██▉       | 191/650 [00:09<00:07, 60.61it/s, L_rec=9.61, W_rec=0.83, W_cl=1.19][A
Epoch 1:  29%|██▉       | 191/650 [00:09<00:07, 60.61it/s, L_rec=9.61, W_rec=0.83, W_cl=1.19][A
Epoch 1:  30%|██▉       | 192/650 [00:09<00:07, 60.61it/s, L_rec=9.60, W_rec=0.83, W_cl=1.19][A
Epoch 1:  30%|██▉       | 193/650 [00:09<00:07, 60.61it/s, L_rec=9.61, W_rec=0.83, W_cl=1.19][A
Epoch 1:  30%|██▉       | 194/650 [00:09<00:07, 60.61it/s, L_rec=9.61, W_rec=0.83, W_cl=1.19][A
Epoch 1:  30%|███       | 195/650 [00:09<00:07, 60.61it/s, L_rec=9.61, W_rec=0.83, W_cl=1.19][A
Epoch 1:  30%|███       | 196/650 [00:09<00:07, 60.61it/s, L_rec=9.60, W_rec=0.83, W_cl=1.20][A
Epoch 1:  30%|███       | 197/650 [00:09<00:07, 60.61it/s, L_rec=9.61, W_rec=0.83, W_cl=1.20][A
Epoch 1:  30%|███       | 198/650 [00:09<00:07, 60.06it/s, L_rec=9.61, W_rec=0.83, W_cl=1.20][A
Epoch 1:  30%|███       | 198/650 [00:09<00:07, 60.06it/s, L_rec=9.60, W_rec=0.83, W_cl=1.20][A
Epoch 1:  31%|███       | 199/650 [00:09<00:07, 60.06it/s, L_rec=9.61, W_rec=0.83, W_cl=1.20][A
Epoch 1:  31%|███       | 200/650 [00:09<00:07, 60.06it/s, L_rec=9.60, W_rec=0.83, W_cl=1.20][A
Epoch 1:  31%|███       | 201/650 [00:09<00:07, 60.06it/s, L_rec=9.59, W_rec=0.83, W_cl=1.20][A
Epoch 1:  31%|███       | 202/650 [00:09<00:07, 60.06it/s, L_rec=9.61, W_rec=0.83, W_cl=1.20][A
Epoch 1:  31%|███       | 203/650 [00:09<00:07, 60.06it/s, L_rec=9.58, W_rec=0.82, W_cl=1.20][A
Epoch 1:  31%|███▏      | 204/650 [00:09<00:07, 60.06it/s, L_rec=9.60, W_rec=0.82, W_cl=1.21][A
Epoch 1:  32%|███▏      | 205/650 [00:09<00:07, 59.58it/s, L_rec=9.60, W_rec=0.82, W_cl=1.21][A
Epoch 1:  32%|███▏      | 205/650 [00:09<00:07, 59.58it/s, L_rec=9.60, W_rec=0.82, W_cl=1.21][A
Epoch 1:  32%|███▏      | 206/650 [00:09<00:07, 59.58it/s, L_rec=9.60, W_rec=0.82, W_cl=1.21][A
Epoch 1:  32%|███▏      | 207/650 [00:09<00:07, 59.58it/s, L_rec=9.60, W_rec=0.82, W_cl=1.21][A
Epoch 1:  32%|███▏      | 208/650 [00:09<00:07, 59.58it/s, L_rec=9.60, W_rec=0.82, W_cl=1.21][A
Epoch 1:  32%|███▏      | 209/650 [00:09<00:07, 59.58it/s, L_rec=9.58, W_rec=0.82, W_cl=1.21][A
Epoch 1:  32%|███▏      | 210/650 [00:09<00:07, 59.58it/s, L_rec=9.61, W_rec=0.82, W_cl=1.21][A
Epoch 1:  32%|███▏      | 211/650 [00:09<00:07, 59.58it/s, L_rec=9.60, W_rec=0.82, W_cl=1.21][A
Epoch 1:  33%|███▎      | 212/650 [00:09<00:07, 60.74it/s, L_rec=9.60, W_rec=0.82, W_cl=1.21][A
Epoch 1:  33%|███▎      | 212/650 [00:09<00:07, 60.74it/s, L_rec=9.58, W_rec=0.82, W_cl=1.21][A
Epoch 1:  33%|███▎      | 213/650 [00:09<00:07, 60.74it/s, L_rec=9.59, W_rec=0.82, W_cl=1.22][A
Epoch 1:  33%|███▎      | 214/650 [00:09<00:07, 60.74it/s, L_rec=9.59, W_rec=0.82, W_cl=1.22][A
Epoch 1:  33%|███▎      | 215/650 [00:09<00:07, 60.74it/s, L_rec=9.59, W_rec=0.82, W_cl=1.22][A
Epoch 1:  33%|███▎      | 216/650 [00:09<00:07, 60.74it/s, L_rec=9.59, W_rec=0.81, W_cl=1.22][A
Epoch 1:  33%|███▎      | 217/650 [00:09<00:07, 60.74it/s, L_rec=9.59, W_rec=0.81, W_cl=1.22][A
Epoch 1:  34%|███▎      | 218/650 [00:09<00:07, 60.74it/s, L_rec=9.59, W_rec=0.81, W_cl=1.22][A
Epoch 1:  34%|███▎      | 219/650 [00:09<00:07, 60.91it/s, L_rec=9.59, W_rec=0.81, W_cl=1.22][A
Epoch 1:  34%|███▎      | 219/650 [00:09<00:07, 60.91it/s, L_rec=9.58, W_rec=0.81, W_cl=1.22][A
Epoch 1:  34%|███▍      | 220/650 [00:09<00:07, 60.91it/s, L_rec=9.59, W_rec=0.81, W_cl=1.22][A
Epoch 1:  34%|███▍      | 221/650 [00:09<00:07, 60.91it/s, L_rec=9.58, W_rec=0.81, W_cl=1.23][A
Epoch 1:  34%|███▍      | 222/650 [00:09<00:07, 60.91it/s, L_rec=9.59, W_rec=0.81, W_cl=1.23][A
Epoch 1:  34%|███▍      | 223/650 [00:09<00:07, 60.91it/s, L_rec=9.59, W_rec=0.81, W_cl=1.23][A
Epoch 1:  34%|███▍      | 224/650 [00:09<00:06, 60.91it/s, L_rec=9.57, W_rec=0.81, W_cl=1.23][A
Epoch 1:  35%|███▍      | 225/650 [00:09<00:06, 60.91it/s, L_rec=9.59, W_rec=0.81, W_cl=1.23][A
Epoch 1:  35%|███▍      | 226/650 [00:09<00:06, 61.32it/s, L_rec=9.59, W_rec=0.81, W_cl=1.23][A
Epoch 1:  35%|███▍      | 226/650 [00:09<00:06, 61.32it/s, L_rec=9.58, W_rec=0.81, W_cl=1.23][A
Epoch 1:  35%|███▍      | 227/650 [00:09<00:06, 61.32it/s, L_rec=9.58, W_rec=0.81, W_cl=1.23][A
Epoch 1:  35%|███▌      | 228/650 [00:09<00:06, 61.32it/s, L_rec=9.59, W_rec=0.81, W_cl=1.23][A
Epoch 1:  35%|███▌      | 229/650 [00:09<00:06, 61.32it/s, L_rec=9.58, W_rec=0.81, W_cl=1.24][A
Epoch 1:  35%|███▌      | 230/650 [00:09<00:06, 61.32it/s, L_rec=9.59, W_rec=0.80, W_cl=1.24][A
Epoch 1:  36%|███▌      | 231/650 [00:09<00:06, 61.32it/s, L_rec=9.58, W_rec=0.80, W_cl=1.24][A
Epoch 1:  36%|███▌      | 232/650 [00:09<00:06, 61.32it/s, L_rec=9.58, W_rec=0.80, W_cl=1.24][A
Epoch 1:  36%|███▌      | 233/650 [00:09<00:06, 59.82it/s, L_rec=9.58, W_rec=0.80, W_cl=1.24][A
Epoch 1:  36%|███▌      | 233/650 [00:09<00:06, 59.82it/s, L_rec=9.57, W_rec=0.80, W_cl=1.24][A
Epoch 1:  36%|███▌      | 234/650 [00:09<00:06, 59.82it/s, L_rec=9.58, W_rec=0.80, W_cl=1.24][A
Epoch 1:  36%|███▌      | 235/650 [00:09<00:06, 59.82it/s, L_rec=9.57, W_rec=0.80, W_cl=1.24][A
Epoch 1:  36%|███▋      | 236/650 [00:09<00:06, 59.82it/s, L_rec=9.58, W_rec=0.80, W_cl=1.24][A
Epoch 1:  36%|███▋      | 237/650 [00:09<00:06, 59.82it/s, L_rec=9.57, W_rec=0.80, W_cl=1.25][A
Epoch 1:  37%|███▋      | 238/650 [00:09<00:06, 59.82it/s, L_rec=9.57, W_rec=0.80, W_cl=1.25][A
Epoch 1:  37%|███▋      | 239/650 [00:09<00:06, 59.71it/s, L_rec=9.57, W_rec=0.80, W_cl=1.25][A
Epoch 1:  37%|███▋      | 239/650 [00:09<00:06, 59.71it/s, L_rec=9.57, W_rec=0.80, W_cl=1.25][A
Epoch 1:  37%|███▋      | 240/650 [00:09<00:06, 59.71it/s, L_rec=9.57, W_rec=0.80, W_cl=1.25][A
Epoch 1:  37%|███▋      | 241/650 [00:09<00:06, 59.71it/s, L_rec=9.58, W_rec=0.80, W_cl=1.25][A
Epoch 1:  37%|███▋      | 242/650 [00:09<00:06, 59.71it/s, L_rec=9.58, W_rec=0.80, W_cl=1.25][A
Epoch 1:  37%|███▋      | 243/650 [00:09<00:06, 59.71it/s, L_rec=9.56, W_rec=0.80, W_cl=1.25][A
Epoch 1:  38%|███▊      | 244/650 [00:09<00:06, 59.71it/s, L_rec=9.56, W_rec=0.79, W_cl=1.25][A
Epoch 1:  38%|███▊      | 245/650 [00:09<00:06, 58.87it/s, L_rec=9.56, W_rec=0.79, W_cl=1.25][A
Epoch 1:  38%|███▊      | 245/650 [00:10<00:06, 58.87it/s, L_rec=9.56, W_rec=0.79, W_cl=1.26][A
Epoch 1:  38%|███▊      | 246/650 [00:10<00:06, 58.87it/s, L_rec=9.58, W_rec=0.79, W_cl=1.26][A
Epoch 1:  38%|███▊      | 247/650 [00:10<00:06, 58.87it/s, L_rec=9.57, W_rec=0.79, W_cl=1.26][A
Epoch 1:  38%|███▊      | 248/650 [00:10<00:06, 58.87it/s, L_rec=9.58, W_rec=0.79, W_cl=1.26][A
Epoch 1:  38%|███▊      | 249/650 [00:10<00:06, 58.87it/s, L_rec=9.57, W_rec=0.79, W_cl=1.26][A
Epoch 1:  38%|███▊      | 250/650 [00:10<00:06, 58.87it/s, L_rec=9.57, W_rec=0.79, W_cl=1.26][A
Epoch 1:  39%|███▊      | 251/650 [00:10<00:06, 58.87it/s, L_rec=9.58, W_rec=0.79, W_cl=1.26][A
Epoch 1:  39%|███▉      | 252/650 [00:10<00:06, 58.60it/s, L_rec=9.58, W_rec=0.79, W_cl=1.26][A
Epoch 1:  39%|███▉      | 252/650 [00:10<00:06, 58.60it/s, L_rec=9.56, W_rec=0.79, W_cl=1.26][A
Epoch 1:  39%|███▉      | 253/650 [00:10<00:06, 58.60it/s, L_rec=9.56, W_rec=0.79, W_cl=1.27][A
Epoch 1:  39%|███▉      | 254/650 [00:10<00:06, 58.60it/s, L_rec=9.56, W_rec=0.79, W_cl=1.27][A
Epoch 1:  39%|███▉      | 255/650 [00:10<00:06, 58.60it/s, L_rec=9.56, W_rec=0.79, W_cl=1.27][A
Epoch 1:  39%|███▉      | 256/650 [00:10<00:06, 58.60it/s, L_rec=9.56, W_rec=0.79, W_cl=1.27][A
Epoch 1:  40%|███▉      | 257/650 [00:10<00:06, 58.60it/s, L_rec=9.57, W_rec=0.79, W_cl=1.27][A
Epoch 1:  40%|███▉      | 258/650 [00:10<00:06, 58.50it/s, L_rec=9.57, W_rec=0.79, W_cl=1.27][A
Epoch 1:  40%|███▉      | 258/650 [00:10<00:06, 58.50it/s, L_rec=9.55, W_rec=0.79, W_cl=1.27][A
Epoch 1:  40%|███▉      | 259/650 [00:10<00:06, 58.50it/s, L_rec=9.56, W_rec=0.78, W_cl=1.27][A
Epoch 1:  40%|████      | 260/650 [00:10<00:06, 58.50it/s, L_rec=9.55, W_rec=0.78, W_cl=1.27][A
Epoch 1:  40%|████      | 261/650 [00:10<00:06, 58.50it/s, L_rec=9.57, W_rec=0.78, W_cl=1.28][A
Epoch 1:  40%|████      | 262/650 [00:10<00:06, 58.50it/s, L_rec=9.55, W_rec=0.78, W_cl=1.28][A
Epoch 1:  40%|████      | 263/650 [00:10<00:06, 58.50it/s, L_rec=9.57, W_rec=0.78, W_cl=1.28][A
Epoch 1:  41%|████      | 264/650 [00:10<00:06, 58.50it/s, L_rec=9.56, W_rec=0.78, W_cl=1.28][A
Epoch 1:  41%|████      | 265/650 [00:10<00:06, 59.03it/s, L_rec=9.56, W_rec=0.78, W_cl=1.28][A
Epoch 1:  41%|████      | 265/650 [00:10<00:06, 59.03it/s, L_rec=9.57, W_rec=0.78, W_cl=1.28][A
Epoch 1:  41%|████      | 266/650 [00:10<00:06, 59.03it/s, L_rec=9.56, W_rec=0.78, W_cl=1.28][A
Epoch 1:  41%|████      | 267/650 [00:10<00:06, 59.03it/s, L_rec=9.56, W_rec=0.78, W_cl=1.28][A
Epoch 1:  41%|████      | 268/650 [00:10<00:06, 59.03it/s, L_rec=9.55, W_rec=0.78, W_cl=1.29][A
Epoch 1:  41%|████▏     | 269/650 [00:10<00:06, 59.03it/s, L_rec=9.54, W_rec=0.78, W_cl=1.29][A
Epoch 1:  42%|████▏     | 270/650 [00:10<00:06, 59.03it/s, L_rec=9.55, W_rec=0.78, W_cl=1.29][A
Epoch 1:  42%|████▏     | 271/650 [00:10<00:06, 58.84it/s, L_rec=9.55, W_rec=0.78, W_cl=1.29][A
Epoch 1:  42%|████▏     | 271/650 [00:10<00:06, 58.84it/s, L_rec=9.55, W_rec=0.78, W_cl=1.29][A
Epoch 1:  42%|████▏     | 272/650 [00:10<00:06, 58.84it/s, L_rec=9.54, W_rec=0.78, W_cl=1.29][A
Epoch 1:  42%|████▏     | 273/650 [00:10<00:06, 58.84it/s, L_rec=9.55, W_rec=0.77, W_cl=1.29][A
Epoch 1:  42%|████▏     | 274/650 [00:10<00:06, 58.84it/s, L_rec=9.55, W_rec=0.77, W_cl=1.29][A
Epoch 1:  42%|████▏     | 275/650 [00:10<00:06, 58.84it/s, L_rec=9.55, W_rec=0.77, W_cl=1.29][A
Epoch 1:  42%|████▏     | 276/650 [00:10<00:06, 58.84it/s, L_rec=9.53, W_rec=0.77, W_cl=1.30][A
Epoch 1:  43%|████▎     | 277/650 [00:10<00:06, 59.05it/s, L_rec=9.53, W_rec=0.77, W_cl=1.30][A
Epoch 1:  43%|████▎     | 277/650 [00:10<00:06, 59.05it/s, L_rec=9.54, W_rec=0.77, W_cl=1.30][A
Epoch 1:  43%|████▎     | 278/650 [00:10<00:06, 59.05it/s, L_rec=9.54, W_rec=0.77, W_cl=1.30][A
Epoch 1:  43%|████▎     | 279/650 [00:10<00:06, 59.05it/s, L_rec=9.55, W_rec=0.77, W_cl=1.30][A
Epoch 1:  43%|████▎     | 280/650 [00:10<00:06, 59.05it/s, L_rec=9.55, W_rec=0.77, W_cl=1.30][A
Epoch 1:  43%|████▎     | 281/650 [00:10<00:06, 59.05it/s, L_rec=9.55, W_rec=0.77, W_cl=1.30][A
Epoch 1:  43%|████▎     | 282/650 [00:10<00:06, 59.05it/s, L_rec=9.53, W_rec=0.77, W_cl=1.30][A
Epoch 1:  44%|████▎     | 283/650 [00:10<00:06, 58.46it/s, L_rec=9.53, W_rec=0.77, W_cl=1.30][A
Epoch 1:  44%|████▎     | 283/650 [00:10<00:06, 58.46it/s, L_rec=9.55, W_rec=0.77, W_cl=1.30][A
Epoch 1:  44%|████▎     | 284/650 [00:10<00:06, 58.46it/s, L_rec=9.53, W_rec=0.77, W_cl=1.31][A
Epoch 1:  44%|████▍     | 285/650 [00:10<00:06, 58.46it/s, L_rec=9.54, W_rec=0.77, W_cl=1.31][A
Epoch 1:  44%|████▍     | 286/650 [00:10<00:06, 58.46it/s, L_rec=9.53, W_rec=0.77, W_cl=1.31][A
Epoch 1:  44%|████▍     | 287/650 [00:10<00:06, 58.46it/s, L_rec=9.54, W_rec=0.77, W_cl=1.31][A
Epoch 1:  44%|████▍     | 288/650 [00:10<00:06, 58.46it/s, L_rec=9.52, W_rec=0.77, W_cl=1.31][A
Epoch 1:  44%|████▍     | 289/650 [00:10<00:06, 57.44it/s, L_rec=9.52, W_rec=0.77, W_cl=1.31][A
Epoch 1:  44%|████▍     | 289/650 [00:10<00:06, 57.44it/s, L_rec=9.53, W_rec=0.76, W_cl=1.31][A
Epoch 1:  45%|████▍     | 290/650 [00:10<00:06, 57.44it/s, L_rec=9.52, W_rec=0.76, W_cl=1.31][A
Epoch 1:  45%|████▍     | 291/650 [00:10<00:06, 57.44it/s, L_rec=9.53, W_rec=0.76, W_cl=1.31][A
Epoch 1:  45%|████▍     | 292/650 [00:10<00:06, 57.44it/s, L_rec=9.54, W_rec=0.76, W_cl=1.32][A
Epoch 1:  45%|████▌     | 293/650 [00:10<00:06, 57.44it/s, L_rec=9.55, W_rec=0.76, W_cl=1.32][A
Epoch 1:  45%|████▌     | 294/650 [00:10<00:06, 57.44it/s, L_rec=9.54, W_rec=0.76, W_cl=1.32][A
Epoch 1:  45%|████▌     | 295/650 [00:10<00:06, 57.76it/s, L_rec=9.54, W_rec=0.76, W_cl=1.32][A
Epoch 1:  45%|████▌     | 295/650 [00:10<00:06, 57.76it/s, L_rec=9.53, W_rec=0.76, W_cl=1.32][A
Epoch 1:  46%|████▌     | 296/650 [00:10<00:06, 57.76it/s, L_rec=9.54, W_rec=0.76, W_cl=1.32][A
Epoch 1:  46%|████▌     | 297/650 [00:10<00:06, 57.76it/s, L_rec=9.54, W_rec=0.76, W_cl=1.32][A
Epoch 1:  46%|████▌     | 298/650 [00:10<00:06, 57.76it/s, L_rec=9.54, W_rec=0.76, W_cl=1.32][A
Epoch 1:  46%|████▌     | 299/650 [00:10<00:06, 57.76it/s, L_rec=9.54, W_rec=0.76, W_cl=1.33][A
Epoch 1:  46%|████▌     | 300/650 [00:10<00:06, 57.76it/s, L_rec=9.53, W_rec=0.76, W_cl=1.33][A
Epoch 1:  46%|████▋     | 301/650 [00:10<00:06, 57.76it/s, L_rec=9.53, W_rec=0.76, W_cl=1.33][A
Epoch 1:  46%|████▋     | 302/650 [00:10<00:05, 58.73it/s, L_rec=9.53, W_rec=0.76, W_cl=1.33][A
Epoch 1:  46%|████▋     | 302/650 [00:10<00:05, 58.73it/s, L_rec=9.53, W_rec=0.76, W_cl=1.33][A
Epoch 1:  47%|████▋     | 303/650 [00:10<00:05, 58.73it/s, L_rec=9.53, W_rec=0.76, W_cl=1.33][A
Epoch 1:  47%|████▋     | 304/650 [00:11<00:05, 58.73it/s, L_rec=9.54, W_rec=0.75, W_cl=1.33][A
Epoch 1:  47%|████▋     | 305/650 [00:11<00:05, 58.73it/s, L_rec=9.53, W_rec=0.75, W_cl=1.33][A
Epoch 1:  47%|████▋     | 306/650 [00:11<00:05, 58.73it/s, L_rec=9.52, W_rec=0.75, W_cl=1.33][A
Epoch 1:  47%|████▋     | 307/650 [00:11<00:05, 58.73it/s, L_rec=9.51, W_rec=0.75, W_cl=1.34][A
Epoch 1:  47%|████▋     | 308/650 [00:11<00:05, 58.73it/s, L_rec=9.53, W_rec=0.75, W_cl=1.34][A
Epoch 1:  48%|████▊     | 309/650 [00:11<00:05, 60.23it/s, L_rec=9.53, W_rec=0.75, W_cl=1.34][A
Epoch 1:  48%|████▊     | 309/650 [00:11<00:05, 60.23it/s, L_rec=9.54, W_rec=0.75, W_cl=1.34][A
Epoch 1:  48%|████▊     | 310/650 [00:11<00:05, 60.23it/s, L_rec=9.54, W_rec=0.75, W_cl=1.34][A
Epoch 1:  48%|████▊     | 311/650 [00:11<00:05, 60.23it/s, L_rec=9.54, W_rec=0.75, W_cl=1.34][A
Epoch 1:  48%|████▊     | 312/650 [00:11<00:05, 60.23it/s, L_rec=9.53, W_rec=0.75, W_cl=1.34][A
Epoch 1:  48%|████▊     | 313/650 [00:11<00:05, 60.23it/s, L_rec=9.53, W_rec=0.75, W_cl=1.34][A
Epoch 1:  48%|████▊     | 314/650 [00:11<00:05, 60.23it/s, L_rec=9.53, W_rec=0.75, W_cl=1.35][A
Epoch 1:  48%|████▊     | 315/650 [00:11<00:05, 60.23it/s, L_rec=9.52, W_rec=0.75, W_cl=1.35][A
Epoch 1:  49%|████▊     | 316/650 [00:11<00:05, 60.27it/s, L_rec=9.52, W_rec=0.75, W_cl=1.35][A
Epoch 1:  49%|████▊     | 316/650 [00:11<00:05, 60.27it/s, L_rec=9.52, W_rec=0.75, W_cl=1.35][A
Epoch 1:  49%|████▉     | 317/650 [00:11<00:05, 60.27it/s, L_rec=9.53, W_rec=0.75, W_cl=1.35][A
Epoch 1:  49%|████▉     | 318/650 [00:11<00:05, 60.27it/s, L_rec=9.55, W_rec=0.75, W_cl=1.35][A
Epoch 1:  49%|████▉     | 319/650 [00:11<00:05, 60.27it/s, L_rec=9.51, W_rec=0.75, W_cl=1.35][A
Epoch 1:  49%|████▉     | 320/650 [00:11<00:05, 60.27it/s, L_rec=9.52, W_rec=0.74, W_cl=1.35][A
Epoch 1:  49%|████▉     | 321/650 [00:11<00:05, 60.27it/s, L_rec=9.53, W_rec=0.74, W_cl=1.35][A
Epoch 1:  50%|████▉     | 322/650 [00:11<00:05, 60.27it/s, L_rec=9.52, W_rec=0.74, W_cl=1.36][A
Epoch 1:  50%|████▉     | 323/650 [00:11<00:05, 60.96it/s, L_rec=9.52, W_rec=0.74, W_cl=1.36][A
Epoch 1:  50%|████▉     | 323/650 [00:11<00:05, 60.96it/s, L_rec=9.53, W_rec=0.74, W_cl=1.36][A
Epoch 1:  50%|████▉     | 324/650 [00:11<00:05, 60.96it/s, L_rec=9.52, W_rec=0.74, W_cl=1.36][A
Epoch 1:  50%|█████     | 325/650 [00:11<00:05, 60.96it/s, L_rec=9.53, W_rec=0.74, W_cl=1.36][A
Epoch 1:  50%|█████     | 326/650 [00:11<00:05, 60.96it/s, L_rec=9.50, W_rec=0.74, W_cl=1.36][A
Epoch 1:  50%|█████     | 327/650 [00:11<00:05, 60.96it/s, L_rec=9.51, W_rec=0.74, W_cl=1.36][A
Epoch 1:  50%|█████     | 328/650 [00:11<00:05, 60.96it/s, L_rec=9.53, W_rec=0.74, W_cl=1.36][A
Epoch 1:  51%|█████     | 329/650 [00:11<00:05, 60.96it/s, L_rec=9.51, W_rec=0.74, W_cl=1.37][A
Epoch 1:  51%|█████     | 330/650 [00:11<00:05, 60.09it/s, L_rec=9.51, W_rec=0.74, W_cl=1.37][A
Epoch 1:  51%|█████     | 330/650 [00:11<00:05, 60.09it/s, L_rec=9.52, W_rec=0.74, W_cl=1.37][A
Epoch 1:  51%|█████     | 331/650 [00:11<00:05, 60.09it/s, L_rec=9.52, W_rec=0.74, W_cl=1.37][A
Epoch 1:  51%|█████     | 332/650 [00:11<00:05, 60.09it/s, L_rec=9.50, W_rec=0.74, W_cl=1.37][A
Epoch 1:  51%|█████     | 333/650 [00:11<00:05, 60.09it/s, L_rec=9.53, W_rec=0.74, W_cl=1.37][A
Epoch 1:  51%|█████▏    | 334/650 [00:11<00:05, 60.09it/s, L_rec=9.50, W_rec=0.74, W_cl=1.37][A
Epoch 1:  52%|█████▏    | 335/650 [00:11<00:05, 60.09it/s, L_rec=9.51, W_rec=0.74, W_cl=1.37][A
Epoch 1:  52%|█████▏    | 336/650 [00:11<00:05, 60.09it/s, L_rec=9.51, W_rec=0.73, W_cl=1.38][A
Epoch 1:  52%|█████▏    | 337/650 [00:11<00:05, 60.00it/s, L_rec=9.51, W_rec=0.73, W_cl=1.38][A
Epoch 1:  52%|█████▏    | 337/650 [00:11<00:05, 60.00it/s, L_rec=9.51, W_rec=0.73, W_cl=1.38][A
Epoch 1:  52%|█████▏    | 338/650 [00:11<00:05, 60.00it/s, L_rec=9.53, W_rec=0.73, W_cl=1.38][A
Epoch 1:  52%|█████▏    | 339/650 [00:11<00:05, 60.00it/s, L_rec=9.51, W_rec=0.73, W_cl=1.38][A
Epoch 1:  52%|█████▏    | 340/650 [00:11<00:05, 60.00it/s, L_rec=9.52, W_rec=0.73, W_cl=1.38][A
Epoch 1:  52%|█████▏    | 341/650 [00:11<00:05, 60.00it/s, L_rec=9.52, W_rec=0.73, W_cl=1.38][A
Epoch 1:  53%|█████▎    | 342/650 [00:11<00:05, 60.00it/s, L_rec=9.51, W_rec=0.73, W_cl=1.38][A
Epoch 1:  53%|█████▎    | 343/650 [00:11<00:05, 60.00it/s, L_rec=9.50, W_rec=0.73, W_cl=1.38][A
Epoch 1:  53%|█████▎    | 344/650 [00:11<00:05, 59.62it/s, L_rec=9.50, W_rec=0.73, W_cl=1.38][A
Epoch 1:  53%|█████▎    | 344/650 [00:11<00:05, 59.62it/s, L_rec=9.52, W_rec=0.73, W_cl=1.39][A
Epoch 1:  53%|█████▎    | 345/650 [00:11<00:05, 59.62it/s, L_rec=9.51, W_rec=0.73, W_cl=1.39][A
Epoch 1:  53%|█████▎    | 346/650 [00:11<00:05, 59.62it/s, L_rec=9.50, W_rec=0.73, W_cl=1.39][A
Epoch 1:  53%|█████▎    | 347/650 [00:11<00:05, 59.62it/s, L_rec=9.52, W_rec=0.73, W_cl=1.39][A
Epoch 1:  54%|█████▎    | 348/650 [00:11<00:05, 59.62it/s, L_rec=9.51, W_rec=0.73, W_cl=1.39][A
Epoch 1:  54%|█████▎    | 349/650 [00:11<00:05, 59.62it/s, L_rec=9.51, W_rec=0.73, W_cl=1.39][A
Epoch 1:  54%|█████▍    | 350/650 [00:11<00:05, 59.46it/s, L_rec=9.51, W_rec=0.73, W_cl=1.39][A
Epoch 1:  54%|█████▍    | 350/650 [00:11<00:05, 59.46it/s, L_rec=9.48, W_rec=0.73, W_cl=1.39][A
Epoch 1:  54%|█████▍    | 351/650 [00:11<00:05, 59.46it/s, L_rec=9.49, W_rec=0.73, W_cl=1.40][A
Epoch 1:  54%|█████▍    | 352/650 [00:11<00:05, 59.46it/s, L_rec=9.50, W_rec=0.72, W_cl=1.40][A
Epoch 1:  54%|█████▍    | 353/650 [00:11<00:04, 59.46it/s, L_rec=9.50, W_rec=0.72, W_cl=1.40][A
Epoch 1:  54%|█████▍    | 354/650 [00:11<00:04, 59.46it/s, L_rec=9.50, W_rec=0.72, W_cl=1.40][A
Epoch 1:  55%|█████▍    | 355/650 [00:11<00:04, 59.46it/s, L_rec=9.50, W_rec=0.72, W_cl=1.40][A
Epoch 1:  55%|█████▍    | 356/650 [00:11<00:05, 58.29it/s, L_rec=9.50, W_rec=0.72, W_cl=1.40][A
Epoch 1:  55%|█████▍    | 356/650 [00:11<00:05, 58.29it/s, L_rec=9.48, W_rec=0.72, W_cl=1.40][A
Epoch 1:  55%|█████▍    | 357/650 [00:11<00:05, 58.29it/s, L_rec=9.48, W_rec=0.72, W_cl=1.40][A
Epoch 1:  55%|█████▌    | 358/650 [00:11<00:05, 58.29it/s, L_rec=9.51, W_rec=0.72, W_cl=1.41][A
Epoch 1:  55%|█████▌    | 359/650 [00:11<00:04, 58.29it/s, L_rec=9.50, W_rec=0.72, W_cl=1.41][A
Epoch 1:  55%|█████▌    | 360/650 [00:11<00:04, 58.29it/s, L_rec=9.50, W_rec=0.72, W_cl=1.41][A
Epoch 1:  56%|█████▌    | 361/650 [00:11<00:04, 58.29it/s, L_rec=9.51, W_rec=0.72, W_cl=1.41][A
Epoch 1:  56%|█████▌    | 362/650 [00:11<00:04, 58.29it/s, L_rec=9.49, W_rec=0.72, W_cl=1.41][A
Epoch 1:  56%|█████▌    | 363/650 [00:11<00:04, 59.46it/s, L_rec=9.49, W_rec=0.72, W_cl=1.41][A
Epoch 1:  56%|█████▌    | 363/650 [00:11<00:04, 59.46it/s, L_rec=9.49, W_rec=0.72, W_cl=1.41][A
Epoch 1:  56%|█████▌    | 364/650 [00:12<00:04, 59.46it/s, L_rec=9.48, W_rec=0.72, W_cl=1.41][A
Epoch 1:  56%|█████▌    | 365/650 [00:12<00:04, 59.46it/s, L_rec=9.49, W_rec=0.72, W_cl=1.42][A
Epoch 1:  56%|█████▋    | 366/650 [00:12<00:04, 59.46it/s, L_rec=9.51, W_rec=0.72, W_cl=1.42][A
Epoch 1:  56%|█████▋    | 367/650 [00:12<00:04, 59.46it/s, L_rec=9.49, W_rec=0.72, W_cl=1.42][A
Epoch 1:  57%|█████▋    | 368/650 [00:12<00:04, 59.46it/s, L_rec=9.50, W_rec=0.72, W_cl=1.42][A
Epoch 1:  57%|█████▋    | 369/650 [00:12<00:04, 59.46it/s, L_rec=9.48, W_rec=0.71, W_cl=1.42][A
Epoch 1:  57%|█████▋    | 370/650 [00:12<00:04, 60.06it/s, L_rec=9.48, W_rec=0.71, W_cl=1.42][A
Epoch 1:  57%|█████▋    | 370/650 [00:12<00:04, 60.06it/s, L_rec=9.49, W_rec=0.71, W_cl=1.42][A
Epoch 1:  57%|█████▋    | 371/650 [00:12<00:04, 60.06it/s, L_rec=9.48, W_rec=0.71, W_cl=1.42][A
Epoch 1:  57%|█████▋    | 372/650 [00:12<00:04, 60.06it/s, L_rec=9.49, W_rec=0.71, W_cl=1.43][A
Epoch 1:  57%|█████▋    | 373/650 [00:12<00:04, 60.06it/s, L_rec=9.49, W_rec=0.71, W_cl=1.43][A
Epoch 1:  58%|█████▊    | 374/650 [00:12<00:04, 60.06it/s, L_rec=9.49, W_rec=0.71, W_cl=1.43][A
Epoch 1:  58%|█████▊    | 375/650 [00:12<00:04, 60.06it/s, L_rec=9.48, W_rec=0.71, W_cl=1.43][A
Epoch 1:  58%|█████▊    | 376/650 [00:12<00:04, 60.06it/s, L_rec=9.49, W_rec=0.71, W_cl=1.43][A
Epoch 1:  58%|█████▊    | 377/650 [00:12<00:04, 59.60it/s, L_rec=9.49, W_rec=0.71, W_cl=1.43][A
Epoch 1:  58%|█████▊    | 377/650 [00:12<00:04, 59.60it/s, L_rec=9.46, W_rec=0.71, W_cl=1.43][A
Epoch 1:  58%|█████▊    | 378/650 [00:12<00:04, 59.60it/s, L_rec=9.49, W_rec=0.71, W_cl=1.43][A
Epoch 1:  58%|█████▊    | 379/650 [00:12<00:04, 59.60it/s, L_rec=9.48, W_rec=0.71, W_cl=1.44][A
Epoch 1:  58%|█████▊    | 380/650 [00:12<00:04, 59.60it/s, L_rec=9.49, W_rec=0.71, W_cl=1.44][A
Epoch 1:  59%|█████▊    | 381/650 [00:12<00:04, 59.60it/s, L_rec=9.49, W_rec=0.71, W_cl=1.44][A
Epoch 1:  59%|█████▉    | 382/650 [00:12<00:04, 59.60it/s, L_rec=9.48, W_rec=0.71, W_cl=1.44][A
Epoch 1:  59%|█████▉    | 383/650 [00:12<00:04, 59.59it/s, L_rec=9.48, W_rec=0.71, W_cl=1.44][A
Epoch 1:  59%|█████▉    | 383/650 [00:12<00:04, 59.59it/s, L_rec=9.49, W_rec=0.71, W_cl=1.44][A
Epoch 1:  59%|█████▉    | 384/650 [00:12<00:04, 59.59it/s, L_rec=9.47, W_rec=0.71, W_cl=1.44][A
Epoch 1:  59%|█████▉    | 385/650 [00:12<00:04, 59.59it/s, L_rec=9.48, W_rec=0.71, W_cl=1.44][A
Epoch 1:  59%|█████▉    | 386/650 [00:12<00:04, 59.59it/s, L_rec=9.47, W_rec=0.70, W_cl=1.45][A
Epoch 1:  60%|█████▉    | 387/650 [00:12<00:04, 59.59it/s, L_rec=9.47, W_rec=0.70, W_cl=1.45][A
Epoch 1:  60%|█████▉    | 388/650 [00:12<00:04, 59.59it/s, L_rec=9.46, W_rec=0.70, W_cl=1.45][A
Epoch 1:  60%|█████▉    | 389/650 [00:12<00:04, 59.59it/s, L_rec=9.48, W_rec=0.70, W_cl=1.45][A
Epoch 1:  60%|██████    | 390/650 [00:12<00:04, 60.69it/s, L_rec=9.48, W_rec=0.70, W_cl=1.45][A
Epoch 1:  60%|██████    | 390/650 [00:12<00:04, 60.69it/s, L_rec=9.49, W_rec=0.70, W_cl=1.45][A
Epoch 1:  60%|██████    | 391/650 [00:12<00:04, 60.69it/s, L_rec=9.48, W_rec=0.70, W_cl=1.45][A
Epoch 1:  60%|██████    | 392/650 [00:12<00:04, 60.69it/s, L_rec=9.50, W_rec=0.70, W_cl=1.45][A
Epoch 1:  60%|██████    | 393/650 [00:12<00:04, 60.69it/s, L_rec=9.47, W_rec=0.70, W_cl=1.46][A
Epoch 1:  61%|██████    | 394/650 [00:12<00:04, 60.69it/s, L_rec=9.46, W_rec=0.70, W_cl=1.46][A
Epoch 1:  61%|██████    | 395/650 [00:12<00:04, 60.69it/s, L_rec=9.47, W_rec=0.70, W_cl=1.46][A
Epoch 1:  61%|██████    | 396/650 [00:12<00:04, 60.69it/s, L_rec=9.48, W_rec=0.70, W_cl=1.46][A
Epoch 1:  61%|██████    | 397/650 [00:12<00:04, 60.33it/s, L_rec=9.48, W_rec=0.70, W_cl=1.46][A
Epoch 1:  61%|██████    | 397/650 [00:12<00:04, 60.33it/s, L_rec=9.49, W_rec=0.70, W_cl=1.46][A
Epoch 1:  61%|██████    | 398/650 [00:12<00:04, 60.33it/s, L_rec=9.48, W_rec=0.70, W_cl=1.46][A
Epoch 1:  61%|██████▏   | 399/650 [00:12<00:04, 60.33it/s, L_rec=9.48, W_rec=0.70, W_cl=1.46][A
Epoch 1:  62%|██████▏   | 400/650 [00:12<00:04, 60.33it/s, L_rec=9.49, W_rec=0.70, W_cl=1.47][A
Epoch 1:  62%|██████▏   | 401/650 [00:12<00:04, 60.33it/s, L_rec=9.44, W_rec=0.70, W_cl=1.47][A
Epoch 1:  62%|██████▏   | 402/650 [00:12<00:04, 60.33it/s, L_rec=9.47, W_rec=0.70, W_cl=1.47][A
Epoch 1:  62%|██████▏   | 403/650 [00:12<00:04, 60.33it/s, L_rec=9.45, W_rec=0.70, W_cl=1.47][A
Epoch 1:  62%|██████▏   | 404/650 [00:12<00:04, 61.15it/s, L_rec=9.45, W_rec=0.70, W_cl=1.47][A
Epoch 1:  62%|██████▏   | 404/650 [00:12<00:04, 61.15it/s, L_rec=9.48, W_rec=0.69, W_cl=1.47][A
Epoch 1:  62%|██████▏   | 405/650 [00:12<00:04, 61.15it/s, L_rec=9.47, W_rec=0.69, W_cl=1.47][A
Epoch 1:  62%|██████▏   | 406/650 [00:12<00:03, 61.15it/s, L_rec=9.48, W_rec=0.69, W_cl=1.47][A
Epoch 1:  63%|██████▎   | 407/650 [00:12<00:03, 61.15it/s, L_rec=9.47, W_rec=0.69, W_cl=1.48][A
Epoch 1:  63%|██████▎   | 408/650 [00:12<00:03, 61.15it/s, L_rec=9.47, W_rec=0.69, W_cl=1.48][A
Epoch 1:  63%|██████▎   | 409/650 [00:12<00:03, 61.15it/s, L_rec=9.47, W_rec=0.69, W_cl=1.48][A
Epoch 1:  63%|██████▎   | 410/650 [00:12<00:03, 61.15it/s, L_rec=9.47, W_rec=0.69, W_cl=1.48][A
Epoch 1:  63%|██████▎   | 411/650 [00:12<00:03, 60.52it/s, L_rec=9.47, W_rec=0.69, W_cl=1.48][A
Epoch 1:  63%|██████▎   | 411/650 [00:12<00:03, 60.52it/s, L_rec=9.46, W_rec=0.69, W_cl=1.48][A
Epoch 1:  63%|██████▎   | 412/650 [00:12<00:03, 60.52it/s, L_rec=9.47, W_rec=0.69, W_cl=1.48][A
Epoch 1:  64%|██████▎   | 413/650 [00:12<00:03, 60.52it/s, L_rec=9.48, W_rec=0.69, W_cl=1.48][A
Epoch 1:  64%|██████▎   | 414/650 [00:12<00:03, 60.52it/s, L_rec=9.47, W_rec=0.69, W_cl=1.49][A
Epoch 1:  64%|██████▍   | 415/650 [00:12<00:03, 60.52it/s, L_rec=9.47, W_rec=0.69, W_cl=1.49][A
Epoch 1:  64%|██████▍   | 416/650 [00:12<00:03, 60.52it/s, L_rec=9.46, W_rec=0.69, W_cl=1.49][A
Epoch 1:  64%|██████▍   | 417/650 [00:12<00:03, 60.52it/s, L_rec=9.46, W_rec=0.69, W_cl=1.49][A
Epoch 1:  64%|██████▍   | 418/650 [00:12<00:03, 58.52it/s, L_rec=9.46, W_rec=0.69, W_cl=1.49][A
Epoch 1:  64%|██████▍   | 418/650 [00:12<00:03, 58.52it/s, L_rec=9.47, W_rec=0.69, W_cl=1.49][A
Epoch 1:  64%|██████▍   | 419/650 [00:12<00:03, 58.52it/s, L_rec=9.48, W_rec=0.69, W_cl=1.49][A
Epoch 1:  65%|██████▍   | 420/650 [00:12<00:03, 58.52it/s, L_rec=9.46, W_rec=0.69, W_cl=1.50][A
Epoch 1:  65%|██████▍   | 421/650 [00:12<00:03, 58.52it/s, L_rec=9.48, W_rec=0.69, W_cl=1.50][A
Epoch 1:  65%|██████▍   | 422/650 [00:12<00:03, 58.52it/s, L_rec=9.46, W_rec=0.68, W_cl=1.50][A
Epoch 1:  65%|██████▌   | 423/650 [00:12<00:03, 58.52it/s, L_rec=9.45, W_rec=0.68, W_cl=1.50][A
Epoch 1:  65%|██████▌   | 424/650 [00:13<00:03, 58.52it/s, L_rec=9.45, W_rec=0.68, W_cl=1.50][A
Epoch 1:  65%|██████▌   | 425/650 [00:13<00:03, 58.98it/s, L_rec=9.45, W_rec=0.68, W_cl=1.50][A
Epoch 1:  65%|██████▌   | 425/650 [00:13<00:03, 58.98it/s, L_rec=9.46, W_rec=0.68, W_cl=1.50][A
Epoch 1:  66%|██████▌   | 426/650 [00:13<00:03, 58.98it/s, L_rec=9.48, W_rec=0.68, W_cl=1.50][A
Epoch 1:  66%|██████▌   | 427/650 [00:13<00:03, 58.98it/s, L_rec=9.47, W_rec=0.68, W_cl=1.51][A
Epoch 1:  66%|██████▌   | 428/650 [00:13<00:03, 58.98it/s, L_rec=9.44, W_rec=0.68, W_cl=1.51][A
Epoch 1:  66%|██████▌   | 429/650 [00:13<00:03, 58.98it/s, L_rec=9.46, W_rec=0.68, W_cl=1.51][A
Epoch 1:  66%|██████▌   | 430/650 [00:13<00:03, 58.98it/s, L_rec=9.45, W_rec=0.68, W_cl=1.51][A
Epoch 1:  66%|██████▋   | 431/650 [00:13<00:03, 58.98it/s, L_rec=9.45, W_rec=0.68, W_cl=1.51][A
Epoch 1:  66%|██████▋   | 432/650 [00:13<00:03, 59.84it/s, L_rec=9.45, W_rec=0.68, W_cl=1.51][A
Epoch 1:  66%|██████▋   | 432/650 [00:13<00:03, 59.84it/s, L_rec=9.45, W_rec=0.68, W_cl=1.51][A
Epoch 1:  67%|██████▋   | 433/650 [00:13<00:03, 59.84it/s, L_rec=9.44, W_rec=0.68, W_cl=1.51][A
Epoch 1:  67%|██████▋   | 434/650 [00:13<00:03, 59.84it/s, L_rec=9.47, W_rec=0.68, W_cl=1.52][A
Epoch 1:  67%|██████▋   | 435/650 [00:13<00:03, 59.84it/s, L_rec=9.45, W_rec=0.68, W_cl=1.52][A
Epoch 1:  67%|██████▋   | 436/650 [00:13<00:03, 59.84it/s, L_rec=9.44, W_rec=0.68, W_cl=1.52][A
Epoch 1:  67%|██████▋   | 437/650 [00:13<00:03, 59.84it/s, L_rec=9.44, W_rec=0.68, W_cl=1.52][A
Epoch 1:  67%|██████▋   | 438/650 [00:13<00:03, 59.77it/s, L_rec=9.44, W_rec=0.68, W_cl=1.52][A
Epoch 1:  67%|██████▋   | 438/650 [00:13<00:03, 59.77it/s, L_rec=9.46, W_rec=0.68, W_cl=1.52][A
Epoch 1:  68%|██████▊   | 439/650 [00:13<00:03, 59.77it/s, L_rec=9.43, W_rec=0.68, W_cl=1.52][A
Epoch 1:  68%|██████▊   | 440/650 [00:13<00:03, 59.77it/s, L_rec=9.44, W_rec=0.67, W_cl=1.53][A
Epoch 1:  68%|██████▊   | 441/650 [00:13<00:03, 59.77it/s, L_rec=9.45, W_rec=0.67, W_cl=1.53][A
Epoch 1:  68%|██████▊   | 442/650 [00:13<00:03, 59.77it/s, L_rec=9.45, W_rec=0.67, W_cl=1.53][A
Epoch 1:  68%|██████▊   | 443/650 [00:13<00:03, 59.77it/s, L_rec=9.45, W_rec=0.67, W_cl=1.53][A
Epoch 1:  68%|██████▊   | 444/650 [00:13<00:03, 59.83it/s, L_rec=9.45, W_rec=0.67, W_cl=1.53][A
Epoch 1:  68%|██████▊   | 444/650 [00:13<00:03, 59.83it/s, L_rec=9.45, W_rec=0.67, W_cl=1.53][A
Epoch 1:  68%|██████▊   | 445/650 [00:13<00:03, 59.83it/s, L_rec=9.43, W_rec=0.67, W_cl=1.53][A
Epoch 1:  69%|██████▊   | 446/650 [00:13<00:03, 59.83it/s, L_rec=9.46, W_rec=0.67, W_cl=1.53][A
Epoch 1:  69%|██████▉   | 447/650 [00:13<00:03, 59.83it/s, L_rec=9.44, W_rec=0.67, W_cl=1.54][A
Epoch 1:  69%|██████▉   | 448/650 [00:13<00:03, 59.83it/s, L_rec=9.45, W_rec=0.67, W_cl=1.54][A
Epoch 1:  69%|██████▉   | 449/650 [00:13<00:03, 59.83it/s, L_rec=9.44, W_rec=0.67, W_cl=1.54][A
Epoch 1:  69%|██████▉   | 450/650 [00:13<00:03, 59.83it/s, L_rec=9.44, W_rec=0.67, W_cl=1.54][A
Epoch 1:  69%|██████▉   | 451/650 [00:13<00:03, 59.96it/s, L_rec=9.44, W_rec=0.67, W_cl=1.54][A
Epoch 1:  69%|██████▉   | 451/650 [00:13<00:03, 59.96it/s, L_rec=9.45, W_rec=0.67, W_cl=1.54][A
Epoch 1:  70%|██████▉   | 452/650 [00:13<00:03, 59.96it/s, L_rec=9.47, W_rec=0.67, W_cl=1.54][A
Epoch 1:  70%|██████▉   | 453/650 [00:13<00:03, 59.96it/s, L_rec=9.44, W_rec=0.67, W_cl=1.54][A
Epoch 1:  70%|██████▉   | 454/650 [00:13<00:03, 59.96it/s, L_rec=9.44, W_rec=0.67, W_cl=1.55][A
Epoch 1:  70%|███████   | 455/650 [00:13<00:03, 59.96it/s, L_rec=9.43, W_rec=0.67, W_cl=1.55][A
Epoch 1:  70%|███████   | 456/650 [00:13<00:03, 59.96it/s, L_rec=9.43, W_rec=0.67, W_cl=1.55][A
Epoch 1:  70%|███████   | 457/650 [00:13<00:03, 59.83it/s, L_rec=9.43, W_rec=0.67, W_cl=1.55][A
Epoch 1:  70%|███████   | 457/650 [00:13<00:03, 59.83it/s, L_rec=9.46, W_rec=0.67, W_cl=1.55][A
Epoch 1:  70%|███████   | 458/650 [00:13<00:03, 59.83it/s, L_rec=9.45, W_rec=0.67, W_cl=1.55][A
Epoch 1:  71%|███████   | 459/650 [00:13<00:03, 59.83it/s, L_rec=9.44, W_rec=0.66, W_cl=1.55][A
Epoch 1:  71%|███████   | 460/650 [00:13<00:03, 59.83it/s, L_rec=9.44, W_rec=0.66, W_cl=1.56][A
Epoch 1:  71%|███████   | 461/650 [00:13<00:03, 59.83it/s, L_rec=9.42, W_rec=0.66, W_cl=1.56][A
Epoch 1:  71%|███████   | 462/650 [00:13<00:03, 59.83it/s, L_rec=9.45, W_rec=0.66, W_cl=1.56][A
Epoch 1:  71%|███████   | 463/650 [00:13<00:03, 59.60it/s, L_rec=9.45, W_rec=0.66, W_cl=1.56][A
Epoch 1:  71%|███████   | 463/650 [00:13<00:03, 59.60it/s, L_rec=9.44, W_rec=0.66, W_cl=1.56][A
Epoch 1:  71%|███████▏  | 464/650 [00:13<00:03, 59.60it/s, L_rec=9.43, W_rec=0.66, W_cl=1.56][A
Epoch 1:  72%|███████▏  | 465/650 [00:13<00:03, 59.60it/s, L_rec=9.43, W_rec=0.66, W_cl=1.56][A
Epoch 1:  72%|███████▏  | 466/650 [00:13<00:03, 59.60it/s, L_rec=9.43, W_rec=0.66, W_cl=1.56][A
Epoch 1:  72%|███████▏  | 467/650 [00:13<00:03, 59.60it/s, L_rec=9.43, W_rec=0.66, W_cl=1.57][A
Epoch 1:  72%|███████▏  | 468/650 [00:13<00:03, 59.60it/s, L_rec=9.42, W_rec=0.66, W_cl=1.57][A
Epoch 1:  72%|███████▏  | 469/650 [00:13<00:03, 59.60it/s, L_rec=9.44, W_rec=0.66, W_cl=1.57][A
Epoch 1:  72%|███████▏  | 470/650 [00:13<00:02, 60.21it/s, L_rec=9.44, W_rec=0.66, W_cl=1.57][A
Epoch 1:  72%|███████▏  | 470/650 [00:13<00:02, 60.21it/s, L_rec=9.44, W_rec=0.66, W_cl=1.57][A
Epoch 1:  72%|███████▏  | 471/650 [00:13<00:02, 60.21it/s, L_rec=9.44, W_rec=0.66, W_cl=1.57][A
Epoch 1:  73%|███████▎  | 472/650 [00:13<00:02, 60.21it/s, L_rec=9.43, W_rec=0.66, W_cl=1.57][A
Epoch 1:  73%|███████▎  | 473/650 [00:13<00:02, 60.21it/s, L_rec=9.42, W_rec=0.66, W_cl=1.58][A
Epoch 1:  73%|███████▎  | 474/650 [00:13<00:02, 60.21it/s, L_rec=9.43, W_rec=0.66, W_cl=1.58][A
Epoch 1:  73%|███████▎  | 475/650 [00:13<00:02, 60.21it/s, L_rec=9.41, W_rec=0.66, W_cl=1.58][A
Epoch 1:  73%|███████▎  | 476/650 [00:13<00:02, 60.21it/s, L_rec=9.44, W_rec=0.66, W_cl=1.58][A
Epoch 1:  73%|███████▎  | 477/650 [00:13<00:02, 58.93it/s, L_rec=9.44, W_rec=0.66, W_cl=1.58][A
Epoch 1:  73%|███████▎  | 477/650 [00:13<00:02, 58.93it/s, L_rec=9.44, W_rec=0.66, W_cl=1.58][A
Epoch 1:  74%|███████▎  | 478/650 [00:13<00:02, 58.93it/s, L_rec=9.41, W_rec=0.65, W_cl=1.58][A
Epoch 1:  74%|███████▎  | 479/650 [00:13<00:02, 58.93it/s, L_rec=9.41, W_rec=0.65, W_cl=1.59][A
Epoch 1:  74%|███████▍  | 480/650 [00:13<00:02, 58.93it/s, L_rec=9.44, W_rec=0.65, W_cl=1.59][A
Epoch 1:  74%|███████▍  | 481/650 [00:13<00:02, 58.93it/s, L_rec=9.43, W_rec=0.65, W_cl=1.59][A
Epoch 1:  74%|███████▍  | 482/650 [00:14<00:02, 58.93it/s, L_rec=9.43, W_rec=0.65, W_cl=1.59][A
Epoch 1:  74%|███████▍  | 483/650 [00:14<00:02, 56.22it/s, L_rec=9.43, W_rec=0.65, W_cl=1.59][A
Epoch 1:  74%|███████▍  | 483/650 [00:14<00:02, 56.22it/s, L_rec=9.42, W_rec=0.65, W_cl=1.59][A
Epoch 1:  74%|███████▍  | 484/650 [00:14<00:02, 56.22it/s, L_rec=9.42, W_rec=0.65, W_cl=1.59][A
Epoch 1:  75%|███████▍  | 485/650 [00:14<00:02, 56.22it/s, L_rec=9.42, W_rec=0.65, W_cl=1.59][A
Epoch 1:  75%|███████▍  | 486/650 [00:14<00:02, 56.22it/s, L_rec=9.40, W_rec=0.65, W_cl=1.60][A
Epoch 1:  75%|███████▍  | 487/650 [00:14<00:02, 56.22it/s, L_rec=9.43, W_rec=0.65, W_cl=1.60][A
Epoch 1:  75%|███████▌  | 488/650 [00:14<00:02, 56.22it/s, L_rec=9.44, W_rec=0.65, W_cl=1.60][A
Epoch 1:  75%|███████▌  | 489/650 [00:14<00:02, 55.01it/s, L_rec=9.44, W_rec=0.65, W_cl=1.60][A
Epoch 1:  75%|███████▌  | 489/650 [00:14<00:02, 55.01it/s, L_rec=9.41, W_rec=0.65, W_cl=1.60][A
Epoch 1:  75%|███████▌  | 490/650 [00:14<00:02, 55.01it/s, L_rec=9.42, W_rec=0.65, W_cl=1.60][A
Epoch 1:  76%|███████▌  | 491/650 [00:14<00:02, 55.01it/s, L_rec=9.42, W_rec=0.65, W_cl=1.60][A
Epoch 1:  76%|███████▌  | 492/650 [00:14<00:02, 55.01it/s, L_rec=9.42, W_rec=0.65, W_cl=1.61][A
Epoch 1:  76%|███████▌  | 493/650 [00:14<00:02, 55.01it/s, L_rec=9.42, W_rec=0.65, W_cl=1.61][A
Epoch 1:  76%|███████▌  | 494/650 [00:14<00:02, 55.01it/s, L_rec=9.42, W_rec=0.65, W_cl=1.61][A
Epoch 1:  76%|███████▌  | 495/650 [00:14<00:02, 53.25it/s, L_rec=9.42, W_rec=0.65, W_cl=1.61][A
Epoch 1:  76%|███████▌  | 495/650 [00:14<00:02, 53.25it/s, L_rec=9.41, W_rec=0.65, W_cl=1.61][A
Epoch 1:  76%|███████▋  | 496/650 [00:14<00:02, 53.25it/s, L_rec=9.41, W_rec=0.65, W_cl=1.61][A
Epoch 1:  76%|███████▋  | 497/650 [00:14<00:02, 53.25it/s, L_rec=9.41, W_rec=0.65, W_cl=1.61][A
Epoch 1:  77%|███████▋  | 498/650 [00:14<00:02, 53.25it/s, L_rec=9.41, W_rec=0.64, W_cl=1.61][A
Epoch 1:  77%|███████▋  | 499/650 [00:14<00:02, 53.25it/s, L_rec=9.39, W_rec=0.64, W_cl=1.62][A
Epoch 1:  77%|███████▋  | 500/650 [00:14<00:02, 53.25it/s, L_rec=9.43, W_rec=0.64, W_cl=1.62][A
Epoch 1:  77%|███████▋  | 501/650 [00:14<00:02, 53.51it/s, L_rec=9.43, W_rec=0.64, W_cl=1.62][A
Epoch 1:  77%|███████▋  | 501/650 [00:14<00:02, 53.51it/s, L_rec=9.41, W_rec=0.64, W_cl=1.62][A
Epoch 1:  77%|███████▋  | 502/650 [00:14<00:02, 53.51it/s, L_rec=9.40, W_rec=0.64, W_cl=1.62][A
Epoch 1:  77%|███████▋  | 503/650 [00:14<00:02, 53.51it/s, L_rec=9.40, W_rec=0.64, W_cl=1.62][A
Epoch 1:  78%|███████▊  | 504/650 [00:14<00:02, 53.51it/s, L_rec=9.42, W_rec=0.64, W_cl=1.62][A
Epoch 1:  78%|███████▊  | 505/650 [00:14<00:02, 53.51it/s, L_rec=9.41, W_rec=0.64, W_cl=1.63][A
Epoch 1:  78%|███████▊  | 506/650 [00:14<00:02, 53.51it/s, L_rec=9.40, W_rec=0.64, W_cl=1.63][A
Epoch 1:  78%|███████▊  | 507/650 [00:14<00:02, 53.88it/s, L_rec=9.40, W_rec=0.64, W_cl=1.63][A
Epoch 1:  78%|███████▊  | 507/650 [00:14<00:02, 53.88it/s, L_rec=9.43, W_rec=0.64, W_cl=1.63][A
Epoch 1:  78%|███████▊  | 508/650 [00:14<00:02, 53.88it/s, L_rec=9.43, W_rec=0.64, W_cl=1.63][A
Epoch 1:  78%|███████▊  | 509/650 [00:14<00:02, 53.88it/s, L_rec=9.41, W_rec=0.64, W_cl=1.63][A
Epoch 1:  78%|███████▊  | 510/650 [00:14<00:02, 53.88it/s, L_rec=9.41, W_rec=0.64, W_cl=1.63][A
Epoch 1:  79%|███████▊  | 511/650 [00:14<00:02, 53.88it/s, L_rec=9.40, W_rec=0.64, W_cl=1.64][A
Epoch 1:  79%|███████▉  | 512/650 [00:14<00:02, 53.88it/s, L_rec=9.40, W_rec=0.64, W_cl=1.64][A
Epoch 1:  79%|███████▉  | 513/650 [00:14<00:02, 54.14it/s, L_rec=9.40, W_rec=0.64, W_cl=1.64][A
Epoch 1:  79%|███████▉  | 513/650 [00:14<00:02, 54.14it/s, L_rec=9.40, W_rec=0.64, W_cl=1.64][A
Epoch 1:  79%|███████▉  | 514/650 [00:14<00:02, 54.14it/s, L_rec=9.43, W_rec=0.64, W_cl=1.64][A
Epoch 1:  79%|███████▉  | 515/650 [00:14<00:02, 54.14it/s, L_rec=9.39, W_rec=0.64, W_cl=1.64][A
Epoch 1:  79%|███████▉  | 516/650 [00:14<00:02, 54.14it/s, L_rec=9.41, W_rec=0.64, W_cl=1.64][A
Epoch 1:  80%|███████▉  | 517/650 [00:14<00:02, 54.14it/s, L_rec=9.40, W_rec=0.64, W_cl=1.65][A
Epoch 1:  80%|███████▉  | 518/650 [00:14<00:02, 54.14it/s, L_rec=9.38, W_rec=0.63, W_cl=1.65][A
Epoch 1:  80%|███████▉  | 519/650 [00:14<00:02, 54.83it/s, L_rec=9.38, W_rec=0.63, W_cl=1.65][A
Epoch 1:  80%|███████▉  | 519/650 [00:14<00:02, 54.83it/s, L_rec=9.41, W_rec=0.63, W_cl=1.65][A
Epoch 1:  80%|████████  | 520/650 [00:14<00:02, 54.83it/s, L_rec=9.41, W_rec=0.63, W_cl=1.65][A
Epoch 1:  80%|████████  | 521/650 [00:14<00:02, 54.83it/s, L_rec=9.40, W_rec=0.63, W_cl=1.65][A
Epoch 1:  80%|████████  | 522/650 [00:14<00:02, 54.83it/s, L_rec=9.39, W_rec=0.63, W_cl=1.65][A
Epoch 1:  80%|████████  | 523/650 [00:14<00:02, 54.83it/s, L_rec=9.41, W_rec=0.63, W_cl=1.65][A
Epoch 1:  81%|████████  | 524/650 [00:14<00:02, 54.83it/s, L_rec=9.40, W_rec=0.63, W_cl=1.66][A
Epoch 1:  81%|████████  | 525/650 [00:14<00:02, 54.83it/s, L_rec=9.43, W_rec=0.63, W_cl=1.66][A
Epoch 1:  81%|████████  | 526/650 [00:14<00:02, 57.51it/s, L_rec=9.43, W_rec=0.63, W_cl=1.66][A
Epoch 1:  81%|████████  | 526/650 [00:14<00:02, 57.51it/s, L_rec=9.43, W_rec=0.63, W_cl=1.66][A
Epoch 1:  81%|████████  | 527/650 [00:14<00:02, 57.51it/s, L_rec=9.38, W_rec=0.63, W_cl=1.66][A
Epoch 1:  81%|████████  | 528/650 [00:14<00:02, 57.51it/s, L_rec=9.40, W_rec=0.63, W_cl=1.66][A
Epoch 1:  81%|████████▏ | 529/650 [00:14<00:02, 57.51it/s, L_rec=9.40, W_rec=0.63, W_cl=1.66][A
Epoch 1:  82%|████████▏ | 530/650 [00:14<00:02, 57.51it/s, L_rec=9.39, W_rec=0.63, W_cl=1.67][A
Epoch 1:  82%|████████▏ | 531/650 [00:14<00:02, 57.51it/s, L_rec=9.39, W_rec=0.63, W_cl=1.67][A
Epoch 1:  82%|████████▏ | 532/650 [00:14<00:02, 57.22it/s, L_rec=9.39, W_rec=0.63, W_cl=1.67][A
Epoch 1:  82%|████████▏ | 532/650 [00:14<00:02, 57.22it/s, L_rec=9.40, W_rec=0.63, W_cl=1.67][A
Epoch 1:  82%|████████▏ | 533/650 [00:14<00:02, 57.22it/s, L_rec=9.41, W_rec=0.63, W_cl=1.67][A
Epoch 1:  82%|████████▏ | 534/650 [00:14<00:02, 57.22it/s, L_rec=9.39, W_rec=0.63, W_cl=1.67][A
Epoch 1:  82%|████████▏ | 535/650 [00:14<00:02, 57.22it/s, L_rec=9.40, W_rec=0.63, W_cl=1.67][A
Epoch 1:  82%|████████▏ | 536/650 [00:14<00:01, 57.22it/s, L_rec=9.40, W_rec=0.63, W_cl=1.68][A
Epoch 1:  83%|████████▎ | 537/650 [00:14<00:01, 57.22it/s, L_rec=9.38, W_rec=0.63, W_cl=1.68][A
Epoch 1:  83%|████████▎ | 538/650 [00:14<00:01, 57.30it/s, L_rec=9.38, W_rec=0.63, W_cl=1.68][A
Epoch 1:  83%|████████▎ | 538/650 [00:15<00:01, 57.30it/s, L_rec=9.38, W_rec=0.63, W_cl=1.68][A
Epoch 1:  83%|████████▎ | 539/650 [00:15<00:01, 57.30it/s, L_rec=9.40, W_rec=0.62, W_cl=1.68][A
Epoch 1:  83%|████████▎ | 540/650 [00:15<00:01, 57.30it/s, L_rec=9.39, W_rec=0.62, W_cl=1.68][A
Epoch 1:  83%|████████▎ | 541/650 [00:15<00:01, 57.30it/s, L_rec=9.39, W_rec=0.62, W_cl=1.68][A
Epoch 1:  83%|████████▎ | 542/650 [00:15<00:01, 57.30it/s, L_rec=9.41, W_rec=0.62, W_cl=1.69][A
Epoch 1:  84%|████████▎ | 543/650 [00:15<00:01, 57.30it/s, L_rec=9.40, W_rec=0.62, W_cl=1.69][A
Epoch 1:  84%|████████▎ | 544/650 [00:15<00:02, 52.38it/s, L_rec=9.40, W_rec=0.62, W_cl=1.69][A
Epoch 1:  84%|████████▎ | 544/650 [00:15<00:02, 52.38it/s, L_rec=9.38, W_rec=0.62, W_cl=1.69][A
Epoch 1:  84%|████████▍ | 545/650 [00:15<00:02, 52.38it/s, L_rec=9.38, W_rec=0.62, W_cl=1.69][A
Epoch 1:  84%|████████▍ | 546/650 [00:15<00:01, 52.38it/s, L_rec=9.39, W_rec=0.62, W_cl=1.69][A
Epoch 1:  84%|████████▍ | 547/650 [00:15<00:01, 52.38it/s, L_rec=9.38, W_rec=0.62, W_cl=1.69][A
Epoch 1:  84%|████████▍ | 548/650 [00:15<00:01, 52.38it/s, L_rec=9.41, W_rec=0.62, W_cl=1.70][A
Epoch 1:  84%|████████▍ | 549/650 [00:15<00:01, 52.38it/s, L_rec=9.40, W_rec=0.62, W_cl=1.70][A
Epoch 1:  85%|████████▍ | 550/650 [00:15<00:02, 48.95it/s, L_rec=9.40, W_rec=0.62, W_cl=1.70][A
Epoch 1:  85%|████████▍ | 550/650 [00:15<00:02, 48.95it/s, L_rec=9.40, W_rec=0.62, W_cl=1.70][A
Epoch 1:  85%|████████▍ | 551/650 [00:15<00:02, 48.95it/s, L_rec=9.41, W_rec=0.62, W_cl=1.70][A
Epoch 1:  85%|████████▍ | 552/650 [00:15<00:02, 48.95it/s, L_rec=9.41, W_rec=0.62, W_cl=1.70][A
Epoch 1:  85%|████████▌ | 553/650 [00:15<00:01, 48.95it/s, L_rec=9.34, W_rec=0.62, W_cl=1.70][A
Epoch 1:  85%|████████▌ | 554/650 [00:15<00:01, 48.95it/s, L_rec=9.37, W_rec=0.62, W_cl=1.71][A
Epoch 1:  85%|████████▌ | 555/650 [00:15<00:02, 46.31it/s, L_rec=9.37, W_rec=0.62, W_cl=1.71][A
Epoch 1:  85%|████████▌ | 555/650 [00:15<00:02, 46.31it/s, L_rec=9.40, W_rec=0.62, W_cl=1.71][A
Epoch 1:  86%|████████▌ | 556/650 [00:15<00:02, 46.31it/s, L_rec=9.39, W_rec=0.62, W_cl=1.71][A
Epoch 1:  86%|████████▌ | 557/650 [00:15<00:02, 46.31it/s, L_rec=9.40, W_rec=0.62, W_cl=1.71][A
Epoch 1:  86%|████████▌ | 558/650 [00:15<00:01, 46.31it/s, L_rec=9.38, W_rec=0.62, W_cl=1.71][A
Epoch 1:  86%|████████▌ | 559/650 [00:15<00:01, 46.31it/s, L_rec=9.39, W_rec=0.62, W_cl=1.71][A
Epoch 1:  86%|████████▌ | 560/650 [00:15<00:01, 45.59it/s, L_rec=9.39, W_rec=0.62, W_cl=1.71][A
Epoch 1:  86%|████████▌ | 560/650 [00:15<00:01, 45.59it/s, L_rec=9.37, W_rec=0.61, W_cl=1.72][A
Epoch 1:  86%|████████▋ | 561/650 [00:15<00:01, 45.59it/s, L_rec=9.38, W_rec=0.61, W_cl=1.72][A
Epoch 1:  86%|████████▋ | 562/650 [00:15<00:01, 45.59it/s, L_rec=9.38, W_rec=0.61, W_cl=1.72][A
Epoch 1:  87%|████████▋ | 563/650 [00:15<00:01, 45.59it/s, L_rec=9.39, W_rec=0.61, W_cl=1.72][A
Epoch 1:  87%|████████▋ | 564/650 [00:15<00:01, 45.59it/s, L_rec=9.39, W_rec=0.61, W_cl=1.72][A
Epoch 1:  87%|████████▋ | 565/650 [00:15<00:01, 45.59it/s, L_rec=9.38, W_rec=0.61, W_cl=1.72][A
Epoch 1:  87%|████████▋ | 566/650 [00:15<00:01, 48.35it/s, L_rec=9.38, W_rec=0.61, W_cl=1.72][A
Epoch 1:  87%|████████▋ | 566/650 [00:15<00:01, 48.35it/s, L_rec=9.39, W_rec=0.61, W_cl=1.73][A
Epoch 1:  87%|████████▋ | 567/650 [00:15<00:01, 48.35it/s, L_rec=9.38, W_rec=0.61, W_cl=1.73][A
Epoch 1:  87%|████████▋ | 568/650 [00:15<00:01, 48.35it/s, L_rec=9.37, W_rec=0.61, W_cl=1.73][A
Epoch 1:  88%|████████▊ | 569/650 [00:15<00:01, 48.35it/s, L_rec=9.39, W_rec=0.61, W_cl=1.73][A
Epoch 1:  88%|████████▊ | 570/650 [00:15<00:01, 48.35it/s, L_rec=9.35, W_rec=0.61, W_cl=1.73][A
Epoch 1:  88%|████████▊ | 571/650 [00:15<00:01, 48.35it/s, L_rec=9.36, W_rec=0.61, W_cl=1.73][A
Epoch 1:  88%|████████▊ | 572/650 [00:15<00:01, 48.35it/s, L_rec=9.38, W_rec=0.61, W_cl=1.74][A
Epoch 1:  88%|████████▊ | 573/650 [00:15<00:01, 52.62it/s, L_rec=9.38, W_rec=0.61, W_cl=1.74][A
Epoch 1:  88%|████████▊ | 573/650 [00:15<00:01, 52.62it/s, L_rec=9.36, W_rec=0.61, W_cl=1.74][A
Epoch 1:  88%|████████▊ | 574/650 [00:15<00:01, 52.62it/s, L_rec=9.36, W_rec=0.61, W_cl=1.74][A
Epoch 1:  88%|████████▊ | 575/650 [00:15<00:01, 52.62it/s, L_rec=9.38, W_rec=0.61, W_cl=1.74][A
Epoch 1:  89%|████████▊ | 576/650 [00:15<00:01, 52.62it/s, L_rec=9.38, W_rec=0.61, W_cl=1.74][A
Epoch 1:  89%|████████▉ | 577/650 [00:15<00:01, 52.62it/s, L_rec=9.38, W_rec=0.61, W_cl=1.75][A
Epoch 1:  89%|████████▉ | 578/650 [00:15<00:01, 52.62it/s, L_rec=9.36, W_rec=0.61, W_cl=1.75][A
Epoch 1:  89%|████████▉ | 579/650 [00:15<00:01, 52.62it/s, L_rec=9.38, W_rec=0.61, W_cl=1.75][A
Epoch 1:  89%|████████▉ | 580/650 [00:15<00:01, 55.77it/s, L_rec=9.38, W_rec=0.61, W_cl=1.75][A
Epoch 1:  89%|████████▉ | 580/650 [00:15<00:01, 55.77it/s, L_rec=9.37, W_rec=0.61, W_cl=1.75][A
Epoch 1:  89%|████████▉ | 581/650 [00:15<00:01, 55.77it/s, L_rec=9.37, W_rec=0.61, W_cl=1.75][A
Epoch 1:  90%|████████▉ | 582/650 [00:15<00:01, 55.77it/s, L_rec=9.36, W_rec=0.60, W_cl=1.75][A
Epoch 1:  90%|████████▉ | 583/650 [00:15<00:01, 55.77it/s, L_rec=9.38, W_rec=0.60, W_cl=1.76][A
Epoch 1:  90%|████████▉ | 584/650 [00:15<00:01, 55.77it/s, L_rec=9.38, W_rec=0.60, W_cl=1.76][A
Epoch 1:  90%|█████████ | 585/650 [00:15<00:01, 55.77it/s, L_rec=9.36, W_rec=0.60, W_cl=1.76][A
Epoch 1:  90%|█████████ | 586/650 [00:15<00:01, 55.77it/s, L_rec=9.39, W_rec=0.60, W_cl=1.76][A
Epoch 1:  90%|█████████ | 587/650 [00:15<00:01, 58.42it/s, L_rec=9.39, W_rec=0.60, W_cl=1.76][A
Epoch 1:  90%|█████████ | 587/650 [00:15<00:01, 58.42it/s, L_rec=9.37, W_rec=0.60, W_cl=1.76][A
Epoch 1:  90%|█████████ | 588/650 [00:15<00:01, 58.42it/s, L_rec=9.36, W_rec=0.60, W_cl=1.76][A
Epoch 1:  91%|█████████ | 589/650 [00:15<00:01, 58.42it/s, L_rec=9.36, W_rec=0.60, W_cl=1.77][A
Epoch 1:  91%|█████████ | 590/650 [00:16<00:01, 58.42it/s, L_rec=9.36, W_rec=0.60, W_cl=1.77][A
Epoch 1:  91%|█████████ | 591/650 [00:16<00:01, 58.42it/s, L_rec=9.38, W_rec=0.60, W_cl=1.77][A
Epoch 1:  91%|█████████ | 592/650 [00:16<00:00, 58.42it/s, L_rec=9.35, W_rec=0.60, W_cl=1.77][A
Epoch 1:  91%|█████████ | 593/650 [00:16<00:00, 57.85it/s, L_rec=9.35, W_rec=0.60, W_cl=1.77][A
Epoch 1:  91%|█████████ | 593/650 [00:16<00:00, 57.85it/s, L_rec=9.36, W_rec=0.60, W_cl=1.77][A
Epoch 1:  91%|█████████▏| 594/650 [00:16<00:00, 57.85it/s, L_rec=9.36, W_rec=0.60, W_cl=1.77][A
Epoch 1:  92%|█████████▏| 595/650 [00:16<00:00, 57.85it/s, L_rec=9.38, W_rec=0.60, W_cl=1.78][A
Epoch 1:  92%|█████████▏| 596/650 [00:16<00:00, 57.85it/s, L_rec=9.37, W_rec=0.60, W_cl=1.78][A
Epoch 1:  92%|█████████▏| 597/650 [00:16<00:00, 57.85it/s, L_rec=9.33, W_rec=0.60, W_cl=1.78][A
Epoch 1:  92%|█████████▏| 598/650 [00:16<00:00, 57.85it/s, L_rec=9.37, W_rec=0.60, W_cl=1.78][A
Epoch 1:  92%|█████████▏| 599/650 [00:16<00:00, 55.29it/s, L_rec=9.37, W_rec=0.60, W_cl=1.78][A
Epoch 1:  92%|█████████▏| 599/650 [00:16<00:00, 55.29it/s, L_rec=9.37, W_rec=0.60, W_cl=1.78][A
Epoch 1:  92%|█████████▏| 600/650 [00:16<00:00, 55.29it/s, L_rec=9.37, W_rec=0.60, W_cl=1.78][A
Epoch 1:  92%|█████████▏| 601/650 [00:16<00:00, 55.29it/s, L_rec=9.35, W_rec=0.60, W_cl=1.79][A
Epoch 1:  93%|█████████▎| 602/650 [00:16<00:00, 55.29it/s, L_rec=9.37, W_rec=0.60, W_cl=1.79][A
Epoch 1:  93%|█████████▎| 603/650 [00:16<00:00, 55.29it/s, L_rec=9.40, W_rec=0.60, W_cl=1.79][A
Epoch 1:  93%|█████████▎| 604/650 [00:16<00:00, 55.29it/s, L_rec=9.36, W_rec=0.60, W_cl=1.79][A
Epoch 1:  93%|█████████▎| 605/650 [00:16<00:00, 51.47it/s, L_rec=9.36, W_rec=0.60, W_cl=1.79][A
Epoch 1:  93%|█████████▎| 605/650 [00:16<00:00, 51.47it/s, L_rec=9.36, W_rec=0.59, W_cl=1.79][A
Epoch 1:  93%|█████████▎| 606/650 [00:16<00:00, 51.47it/s, L_rec=9.37, W_rec=0.59, W_cl=1.80][A
Epoch 1:  93%|█████████▎| 607/650 [00:16<00:00, 51.47it/s, L_rec=9.37, W_rec=0.59, W_cl=1.80][A
Epoch 1:  94%|█████████▎| 608/650 [00:16<00:00, 51.47it/s, L_rec=9.33, W_rec=0.59, W_cl=1.80][A
Epoch 1:  94%|█████████▎| 609/650 [00:16<00:00, 51.47it/s, L_rec=9.35, W_rec=0.59, W_cl=1.80][A
Epoch 1:  94%|█████████▍| 610/650 [00:16<00:00, 51.47it/s, L_rec=9.36, W_rec=0.59, W_cl=1.80][A
Epoch 1:  94%|█████████▍| 611/650 [00:16<00:00, 48.14it/s, L_rec=9.36, W_rec=0.59, W_cl=1.80][A
Epoch 1:  94%|█████████▍| 611/650 [00:16<00:00, 48.14it/s, L_rec=9.34, W_rec=0.59, W_cl=1.80][A
Epoch 1:  94%|█████████▍| 612/650 [00:16<00:00, 48.14it/s, L_rec=9.33, W_rec=0.59, W_cl=1.81][A
Epoch 1:  94%|█████████▍| 613/650 [00:16<00:00, 48.14it/s, L_rec=9.36, W_rec=0.59, W_cl=1.81][A
Epoch 1:  94%|█████████▍| 614/650 [00:16<00:00, 48.14it/s, L_rec=9.34, W_rec=0.59, W_cl=1.81][A
Epoch 1:  95%|█████████▍| 615/650 [00:16<00:00, 48.14it/s, L_rec=9.37, W_rec=0.59, W_cl=1.81][A
Epoch 1:  95%|█████████▍| 616/650 [00:16<00:00, 47.16it/s, L_rec=9.37, W_rec=0.59, W_cl=1.81][A
Epoch 1:  95%|█████████▍| 616/650 [00:16<00:00, 47.16it/s, L_rec=9.34, W_rec=0.59, W_cl=1.81][A
Epoch 1:  95%|█████████▍| 617/650 [00:16<00:00, 47.16it/s, L_rec=9.36, W_rec=0.59, W_cl=1.81][A
Epoch 1:  95%|█████████▌| 618/650 [00:16<00:00, 47.16it/s, L_rec=9.34, W_rec=0.59, W_cl=1.82][A
Epoch 1:  95%|█████████▌| 619/650 [00:16<00:00, 47.16it/s, L_rec=9.34, W_rec=0.59, W_cl=1.82][A
Epoch 1:  95%|█████████▌| 620/650 [00:16<00:00, 47.16it/s, L_rec=9.34, W_rec=0.59, W_cl=1.82][A
Epoch 1:  96%|█████████▌| 621/650 [00:16<00:00, 45.80it/s, L_rec=9.34, W_rec=0.59, W_cl=1.82][A
Epoch 1:  96%|█████████▌| 621/650 [00:16<00:00, 45.80it/s, L_rec=9.33, W_rec=0.59, W_cl=1.82][A
Epoch 1:  96%|█████████▌| 622/650 [00:16<00:00, 45.80it/s, L_rec=9.37, W_rec=0.59, W_cl=1.82][A
Epoch 1:  96%|█████████▌| 623/650 [00:16<00:00, 45.80it/s, L_rec=9.34, W_rec=0.59, W_cl=1.83][A
Epoch 1:  96%|█████████▌| 624/650 [00:16<00:00, 45.80it/s, L_rec=9.34, W_rec=0.59, W_cl=1.83][A
Epoch 1:  96%|█████████▌| 625/650 [00:16<00:00, 45.80it/s, L_rec=9.33, W_rec=0.59, W_cl=1.83][A
Epoch 1:  96%|█████████▋| 626/650 [00:16<00:00, 45.06it/s, L_rec=9.33, W_rec=0.59, W_cl=1.83][A
Epoch 1:  96%|█████████▋| 626/650 [00:16<00:00, 45.06it/s, L_rec=9.34, W_rec=0.59, W_cl=1.83][A
Epoch 1:  96%|█████████▋| 627/650 [00:16<00:00, 45.06it/s, L_rec=9.34, W_rec=0.59, W_cl=1.83][A
Epoch 1:  97%|█████████▋| 628/650 [00:16<00:00, 45.06it/s, L_rec=9.37, W_rec=0.58, W_cl=1.83][A
Epoch 1:  97%|█████████▋| 629/650 [00:16<00:00, 45.06it/s, L_rec=9.34, W_rec=0.58, W_cl=1.84][A
Epoch 1:  97%|█████████▋| 630/650 [00:16<00:00, 45.06it/s, L_rec=9.36, W_rec=0.58, W_cl=1.84][A
Epoch 1:  97%|█████████▋| 631/650 [00:16<00:00, 45.06it/s, L_rec=9.34, W_rec=0.58, W_cl=1.84][A
Epoch 1:  97%|█████████▋| 632/650 [00:16<00:00, 47.56it/s, L_rec=9.34, W_rec=0.58, W_cl=1.84][A
Epoch 1:  97%|█████████▋| 632/650 [00:16<00:00, 47.56it/s, L_rec=9.38, W_rec=0.58, W_cl=1.84][A
Epoch 1:  97%|█████████▋| 633/650 [00:16<00:00, 47.56it/s, L_rec=9.33, W_rec=0.58, W_cl=1.84][A
Epoch 1:  98%|█████████▊| 634/650 [00:16<00:00, 47.56it/s, L_rec=9.35, W_rec=0.58, W_cl=1.85][A
Epoch 1:  98%|█████████▊| 635/650 [00:16<00:00, 47.56it/s, L_rec=9.32, W_rec=0.58, W_cl=1.85][A
Epoch 1:  98%|█████████▊| 636/650 [00:17<00:00, 47.56it/s, L_rec=9.35, W_rec=0.58, W_cl=1.85][A
Epoch 1:  98%|█████████▊| 637/650 [00:17<00:00, 47.56it/s, L_rec=9.32, W_rec=0.58, W_cl=1.85][A
Epoch 1:  98%|█████████▊| 638/650 [00:17<00:00, 49.10it/s, L_rec=9.32, W_rec=0.58, W_cl=1.85][A
Epoch 1:  98%|█████████▊| 638/650 [00:17<00:00, 49.10it/s, L_rec=9.33, W_rec=0.58, W_cl=1.85][A
Epoch 1:  98%|█████████▊| 639/650 [00:17<00:00, 49.10it/s, L_rec=9.33, W_rec=0.58, W_cl=1.85][A
Epoch 1:  98%|█████████▊| 640/650 [00:17<00:00, 49.10it/s, L_rec=9.35, W_rec=0.58, W_cl=1.86][A
Epoch 1:  99%|█████████▊| 641/650 [00:17<00:00, 49.10it/s, L_rec=9.31, W_rec=0.58, W_cl=1.86][A
Epoch 1:  99%|█████████▉| 642/650 [00:17<00:00, 49.10it/s, L_rec=9.33, W_rec=0.58, W_cl=1.86][A
Epoch 1:  99%|█████████▉| 643/650 [00:17<00:00, 49.10it/s, L_rec=9.33, W_rec=0.58, W_cl=1.86][A
Epoch 1:  99%|█████████▉| 644/650 [00:17<00:00, 51.01it/s, L_rec=9.33, W_rec=0.58, W_cl=1.86][A
Epoch 1:  99%|█████████▉| 644/650 [00:17<00:00, 51.01it/s, L_rec=9.35, W_rec=0.58, W_cl=1.86][A
Epoch 1:  99%|█████████▉| 645/650 [00:17<00:00, 51.01it/s, L_rec=9.34, W_rec=0.58, W_cl=1.87][A
Epoch 1:  99%|█████████▉| 646/650 [00:17<00:00, 51.01it/s, L_rec=9.35, W_rec=0.58, W_cl=1.87][A
Epoch 1: 100%|█████████▉| 647/650 [00:17<00:00, 51.01it/s, L_rec=9.34, W_rec=0.58, W_cl=1.87][A
Epoch 1: 100%|█████████▉| 648/650 [00:17<00:00, 51.01it/s, L_rec=9.33, W_rec=0.58, W_cl=1.87][A
Epoch 1: 100%|█████████▉| 649/650 [00:17<00:00, 51.01it/s, L_rec=9.31, W_rec=0.58, W_cl=1.87][A
Epoch 1: 100%|██████████| 650/650 [00:17<00:00, 37.71it/s, L_rec=9.31, W_rec=0.58, W_cl=1.87]"
